Workbook

Sheet Test Report (QC)
C1: BeeOS
A5: No. | B5: Tên chức năng | C5: TCs | D5: Đạt | E5: Không đạt | F5: Chưa xong | G5: Ghi chú
A6: 1 | B6: Đăng nhập | C6: =SUM('BeeOS - Đăng nhập'!G2) -> 17 | D6: =SUM('BeeOS - Đăng nhập'!H2) -> 17 | E6: =SUM('BeeOS - Đăng nhập'!I2) -> 0 | F6: =SUM('BeeOS - Đăng nhập'!J2) -> 0
A7: 2 | B7: Đăng xuất | C7: =SUM('BeeOS - Đăng Xuất'!G2) -> 5 | D7: =SUM('BeeOS - Đăng Xuất'!H2) -> 5 | E7: =SUM('BeeOS - Đăng Xuất'!I2) -> 0 | F7: =SUM('BeeOS - Đăng Xuất'!J2) -> 0
A8: 3 | B8: Quản lý phạm vi BH | C8: =SUM('BeeOS - Quản lý Pham vi BH'!G2) -> 21 | D8: =SUM('BeeOS - Quản lý Pham vi BH'!H2) -> 21 | E8: =SUM('BeeOS - Quản lý Pham vi BH'!I2) -> 0 | F8: =SUM('BeeOS - Quản lý Pham vi BH'!J2) -> 0
A9: 4 | B9: Quản lý mức khấu trừ | C9: =SUM('BeeOS - Quản lý Mức khấu trừ'!G2) -> 20 | D9: =SUM('BeeOS - Quản lý Mức khấu trừ'!H2) -> 20 | E9: =SUM('BeeOS - Quản lý Mức khấu trừ'!I2) -> 0 | F9: =SUM('BeeOS - Quản lý Mức khấu trừ'!J2) -> 0
A10: 5 | B10: Quản lý loại hình BH | C10: =SUM('BeeOS - Quản lý Loại hình BH'!G2) -> 26 | D10: =SUM('BeeOS - Quản lý Loại hình BH'!H2) -> 26 | E10: =SUM('BeeOS - Quản lý Loại hình BH'!I2) -> 0 | F10: =SUM('BeeOS - Quản lý Loại hình BH'!J2) -> 0
A11: 6 | B11: Quản lý ĐK bổ sung | C11: =SUM('BeeOS - Quản lý ĐK bổ sung'!G2) -> 15 | D11: =SUM('BeeOS - Quản lý ĐK bổ sung'!H2) -> 15 | E11: =SUM('BeeOS - Quản lý ĐK bổ sung'!I2) -> 0 | F11: =SUM('BeeOS - Quản lý ĐK bổ sung'!J2) -> 0
A12: 7 | B12: Quản lý Nhóm tổn thất | C12: =SUM('BeeOS - Quản lý Nhóm Tổn Thất'!G2) -> 16 | D12: =SUM('BeeOS - Quản lý Nhóm Tổn Thất'!H2) -> 16 | E12: =SUM('BeeOS - Quản lý Nhóm Tổn Thất'!I2) -> 0 | F12: =SUM('BeeOS - Quản lý Nhóm Tổn Thất'!J2) -> 0
A13: 8 | B13: Quản lý công ty bảo hiểm | C13: =SUM('BeeOS - Quản lý Công ty BH'!G2) -> 34 | D13: =SUM('BeeOS - Quản lý Công ty BH'!H2) -> 34 | E13: =SUM('BeeOS - Quản lý Công ty BH'!I2) -> 0 | F13: =SUM('BeeOS - Quản lý Công ty BH'!J2) -> 0
A14: 9 | B14: Quản lý P&L | C14: =SUM('BeeOS - Quản lý P&L'!G2) -> 30 | D14: =SUM('BeeOS - Quản lý P&L'!H2) -> 30 | E14: =SUM('BeeOS - Quản lý P&L'!I2) -> 0 | F14: =SUM('BeeOS - Quản lý P&L'!J2) -> 0
A15: 10 | B15: Quản lý địa điểm | C15: =SUM('BeeOS - Quản lý địa điểm'!G2) -> 23 | D15: =SUM('BeeOS - Quản lý địa điểm'!H2) -> 23 | E15: =SUM('BeeOS - Quản lý địa điểm'!I2) -> 0 | F15: =SUM('BeeOS - Quản lý địa điểm'!J2) -> 0
A16: 11 | B16: Tài khoản | C16: =SUM('BeeOS - Tài khoản'!G2) -> 24 | D16: =SUM('BeeOS - Tài khoản'!H2) -> 24 | E16: =SUM('BeeOS - Tài khoản'!I2) -> 0 | F16: =SUM('BeeOS - Tài khoản'!J2) -> 0
A17: 12 | B17: Cài đặt chế độ bảo trì | C17: =SUM('BeeOS - Cài đặt chế độ bảo trì'!G2) -> 8 | D17: =SUM('BeeOS - Cài đặt chế độ bảo trì'!H2) -> 8 | E17: =SUM('BeeOS - Cài đặt chế độ bảo trì'!I2) -> 0 | F17: =SUM('BeeOS - Cài đặt chế độ bảo trì'!J2) -> 0
A18: 13 | B18: Cài đặt thông báo | C18: =SUM('BeeOS - Cài đặt thông báo'!G2) -> 8 | D18: =SUM('BeeOS - Cài đặt thông báo'!H2) -> 8 | E18: =SUM('BeeOS - Cài đặt thông báo'!I2) -> 0 | F18: =SUM('BeeOS - Cài đặt thông báo'!J2) -> 0
A19: 14 | B19: Quản lý HĐBH(B1) | C19: =SUM('BeeOS - Quản lý HĐBH(B1)'!G2) -> 16 | D19: =SUM('BeeOS - Quản lý HĐBH(B1)'!H2) -> 16 | E19: =SUM('BeeOS - Quản lý HĐBH(B1)'!I2) -> 0 | F19: =SUM('BeeOS - Quản lý HĐBH(B1)'!J2) -> 0
A20: 15 | B20: Quản lý HĐBH(B2) | C20: =SUM('BeeOS - Quản lý HĐBH(B2)'!G2) -> 10 | D20: =SUM('BeeOS - Quản lý HĐBH(B2)'!H2) -> 10 | E20: =SUM('BeeOS - Quản lý HĐBH(B2)'!I2) -> 0 | F20: =SUM('BeeOS - Quản lý HĐBH(B2)'!J2) -> 0
A21: 16 | B21: Quản lý HĐBH(B3) | C21: =SUM('BeeOS - Quản lý HĐBH(B3)'!G2) -> 10 | D21: =SUM('BeeOS - Quản lý HĐBH(B3)'!H2) -> 10 | E21: =SUM('BeeOS - Quản lý HĐBH(B3)'!I2) -> 0 | F21: =SUM('BeeOS - Quản lý HĐBH(B3)'!J2) -> 0
A22: 17 | B22: Quản lý HĐBH(B4) | C22: =SUM('BeeOS - Quản lý HĐBH(B4)'!G2) -> 20 | D22: =SUM('BeeOS - Quản lý HĐBH(B4)'!H2) -> 20 | E22: =SUM('BeeOS - Quản lý HĐBH(B4)'!I2) -> 0 | F22: =SUM('BeeOS - Quản lý HĐBH(B4)'!J2) -> 0
A23: 18 | B23: KT Bản chào phí | C23: =SUM('BeeOS - KT Bản chào phí'!G2) -> 16 | D23: =SUM('BeeOS - KT Bản chào phí'!H2) -> 16 | E23: =SUM('BeeOS - KT Bản chào phí'!I2) -> 0 | F23: =SUM('BeeOS - KT Bản chào phí'!J2) -> 0
A24: 19 | B24: Tạo phụ lục HĐ (B1) | C24: =SUM('BeeOS - Tạo phụ lục HĐBH(B1)'!G2) -> 22 | D24: =SUM('BeeOS - Tạo phụ lục HĐBH(B1)'!H2) -> 22 | E24: =SUM('BeeOS - Tạo phụ lục HĐBH(B1)'!I2) -> 0 | F24: =SUM('BeeOS - Tạo phụ lục HĐBH(B1)'!J2) -> 0
A25: 20 | B25: Tạo phụ lục HĐ (B2) | C25: =SUM('BeeOS - Tạo Phụ lục HĐ(B2)'!G2) -> 19 | D25: =SUM('BeeOS - Tạo Phụ lục HĐ(B2)'!H2) -> 19 | E25: =SUM('BeeOS - Tạo Phụ lục HĐ(B2)'!I2) -> 0 | F25: =SUM('BeeOS - Tạo Phụ lục HĐ(B2)'!J2) -> 0
A26: 21 | B26: Trang vận hành cấp đơn | C26: =SUM('BeeOS -Trang vận hành cấp đơn'!G2) -> 18 | D26: =SUM('BeeOS -Trang vận hành cấp đơn'!H2) -> 18 | E26: =SUM('BeeOS -Trang vận hành cấp đơn'!I2) -> 0 | F26: =SUM('BeeOS -Trang vận hành cấp đơn'!J2) -> 0
A27: 22 | B27: Trang list HĐBH | C27: =SUM('BeeOS - Trang List HĐBH'!G2) -> 21 | D27: =SUM('BeeOS - Trang List HĐBH'!H2) -> 21 | E27: =SUM('BeeOS - Trang List HĐBH'!I2) -> 0 | F27: =SUM('BeeOS - Trang List HĐBH'!J2) -> 0
A28: 23 | B28: Chi tiết HĐ (Nháp) | C28: =SUM('BeeOS - ChiTiết HĐ (Nháp)'!G2) -> 9 | D28: =SUM('BeeOS - ChiTiết HĐ (Nháp)'!H2) -> 9 | E28: =SUM('BeeOS - ChiTiết HĐ (Nháp)'!I2) -> 0 | F28: =SUM('BeeOS - ChiTiết HĐ (Nháp)'!J2) -> 0
A29: 24 | B29: Chi tiết HĐ (Chờ duyệt CT) | C29: =SUM('BeeO-ChiTiết HĐ (Chờ Duyệt CT)'!G2) -> 12 | D29: =SUM('BeeO-ChiTiết HĐ (Chờ Duyệt CT)'!H2) -> 12 | E29: =SUM('BeeO-ChiTiết HĐ (Chờ Duyệt CT)'!I2) -> 0 | F29: =SUM('BeeO-ChiTiết HĐ (Chờ Duyệt CT)'!J2) -> 0
A30: 25 | B30: Chi tiết HĐ (Chỉnh sửa ĐX) | C30: =SUM('BeeOS-ChiTiết HĐ (Chỉnh sửa ĐX)'!G2) -> 19 | D30: =SUM('BeeOS-ChiTiết HĐ (Chỉnh sửa ĐX)'!H2) -> 19 | E30: =SUM('BeeOS-ChiTiết HĐ (Chỉnh sửa ĐX)'!I2) -> 0 | F30: =SUM('BeeOS-ChiTiết HĐ (Chỉnh sửa ĐX)'!J2) -> 0
A31: 26 | B31: Chi tiết HĐ (Đã duyệt CT) | C31: =SUM('BeeOS-ChiTiết HĐ (Đã Duyệt CT)'!G2) -> 14 | D31: =SUM('BeeOS-ChiTiết HĐ (Đã Duyệt CT)'!H2) -> 14 | E31: =SUM('BeeOS-ChiTiết HĐ (Đã Duyệt CT)'!I2) -> 0 | F31: =SUM('BeeOS-ChiTiết HĐ (Đã Duyệt CT)'!J2) -> 0
A32: 27 | B32: Chi tiết HĐ (Chờ duyệt NL) | C32: =SUM('BeeO-ChiTiết HĐ (Chờ Duyệt NL)'!G2) -> 14 | D32: =SUM('BeeO-ChiTiết HĐ (Chờ Duyệt NL)'!H2) -> 14 | E32: =SUM('BeeO-ChiTiết HĐ (Chờ Duyệt NL)'!I2) -> 0 | F32: =SUM('BeeO-ChiTiết HĐ (Chờ Duyệt NL)'!J2) -> 0
A33: 28 | B33: Chi tiết HĐ (Chỉnh sửa NL) | C33: =SUM('BeeOS-ChiTiết HĐ (Chỉnh sửa NL)'!G2) -> 19 | D33: =SUM('BeeOS-ChiTiết HĐ (Chỉnh sửa NL)'!H2) -> 19 | E33: =SUM('BeeOS-ChiTiết HĐ (Chỉnh sửa NL)'!I2) -> 0 | F33: =SUM('BeeOS-ChiTiết HĐ (Chỉnh sửa NL)'!J2) -> 0
A34: 29 | B34: Chi tiết HĐ (Đã duyệt NL) | C34: =SUM('BeeOS-ChiTiết HĐ (Đã Duyệt NL)'!G2) -> 15 | D34: =SUM('BeeOS-ChiTiết HĐ (Đã Duyệt NL)'!H2) -> 15 | E34: =SUM('BeeOS-ChiTiết HĐ (Đã Duyệt NL)'!I2) -> 0 | F34: =SUM('BeeOS-ChiTiết HĐ (Đã Duyệt NL)'!J2) -> 0
A35: 30 | B35: Chi tiết HĐ (TBH đã duyệt) | C35: =SUM('BeeOS-ChiTiết HĐ (TBH Đã Duyệt)'!G2) -> 15 | D35: =SUM('BeeOS-ChiTiết HĐ (TBH Đã Duyệt)'!H2) -> 15 | E35: =SUM('BeeOS-ChiTiết HĐ (TBH Đã Duyệt)'!I2) -> 0 | F35: =SUM('BeeOS-ChiTiết HĐ (TBH Đã Duyệt)'!J2) -> 0
A36: 31 | B36: Chi tiết HĐ (Đã lưu BCHĐ) | C36: =SUM('BeeOS-ChiTiết HĐ (Đã lưu BCHĐ)'!G2) -> 18 | D36: =SUM('BeeOS-ChiTiết HĐ (Đã lưu BCHĐ)'!H2) -> 18 | E36: =SUM('BeeOS-ChiTiết HĐ (Đã lưu BCHĐ)'!I2) -> 0 | F36: =SUM('BeeOS-ChiTiết HĐ (Đã lưu BCHĐ)'!J2) -> 0
A37: 32 | B37: Chi tiết HĐ (Phụ lục) | C37: =SUM('BeeOS-ChiTiết HĐ (Phụ Lục)'!G2) -> 18 | D37: =SUM('BeeOS-ChiTiết HĐ (Phụ Lục)'!H2) -> 18 | E37: =SUM('BeeOS-ChiTiết HĐ (Phụ Lục)'!I2) -> 0 | F37: =SUM('BeeOS-ChiTiết HĐ (Phụ Lục)'!J2) -> 0
A38: 33 | B38: Leader trang list phê duyệt | C38: =SUM('BeeOS - Leader list phê duyệt'!G2) -> 15 | D38: =SUM('BeeOS - Leader list phê duyệt'!H2) -> 15 | E38: =SUM('BeeOS - Leader list phê duyệt'!I2) -> 0 | F38: =SUM('BeeOS - Leader list phê duyệt'!J2) -> 0
A39: 34 | B39: Phê duyệt CT (B1) | C39: =SUM('BeeOS - Phê Duyệt CT (B1)'!G2) -> 20 | D39: =SUM('BeeOS - Phê Duyệt CT (B1)'!H2) -> 20 | E39: =SUM('BeeOS - Phê Duyệt CT (B1)'!I2) -> 0 | F39: =SUM('BeeOS - Phê Duyệt CT (B1)'!J2) -> 0
A40: 35 | B40: Phê duyệt NL (B2) | C40: =SUM('BeeOS - Phê Duyệt NL (B2)'!F2) -> 23 | D40: =SUM('BeeOS - Phê Duyệt NL (B2)'!G2) -> 23 | E40: =SUM('BeeOS - Phê Duyệt NL (B2)'!H2) -> 0 | F40: =SUM('BeeOS - Phê Duyệt NL (B2)'!I2) -> 0
A41: 36 | B41: Phê duyệt Phụ Lục | C41: =SUM('BeeOS - Phê Duyệt Phụ Lục'!F2) -> 15 | D41: =SUM('BeeOS - Phê Duyệt Phụ Lục'!G2) -> 15 | E41: =SUM('BeeOS - Phê Duyệt Phụ Lục'!H2) -> 0 | F41: =SUM('BeeOS - Phê Duyệt Phụ Lục'!I2) -> 0
A42: 37 | B42: Leader Trang đã duyệt | C42: =SUM('BeeOS - Leader Trang Đã duyệt'!F2) -> 15 | D42: =SUM('BeeOS - Leader Trang Đã duyệt'!G2) -> 15 | E42: =SUM('BeeOS - Leader Trang Đã duyệt'!H2) -> 0 | F42: =SUM('BeeOS - Leader Trang Đã duyệt'!I2) -> 0
A43: 38 | B43: Email và Tin nhắn Zalo | C43: =('BeeOS - Email và Tin nhắn Zalo'!F2) -> 27 | D43: =('BeeOS - Email và Tin nhắn Zalo'!G2) -> 27 | E43: =('BeeOS - Email và Tin nhắn Zalo'!H2) -> 0 | F43: =('BeeOS - Email và Tin nhắn Zalo'!I2) -> 0
A44: 39 | B44: Tạo bồi thường | C44: =SUM('BeeOS - Tạo Bồi Thường'!F2) -> 14 | D44: =SUM('BeeOS - Tạo Bồi Thường'!G2) -> 14 | E44: =SUM('BeeOS - Tạo Bồi Thường'!H2) -> 0 | F44: =SUM('BeeOS - Tạo Bồi Thường'!I2) -> 0
A45: 40 | B45: Dashboard bồi thường | C45: =SUM('BeeOS - Dashboard Bồi Thường'!F2) -> 13 | D45: =SUM('BeeOS - Dashboard Bồi Thường'!G2) -> 13 | E45: =SUM('BeeOS - Dashboard Bồi Thường'!H2) -> 0 | F45: =SUM('BeeOS - Dashboard Bồi Thường'!I2) -> 0
A46: 41 | B46: Danh sách bồi thường | C46: =SUM('BeeOS - Danh sách Bồi Thường'!F2) -> 17 | D46: =SUM('BeeOS - Danh sách Bồi Thường'!G2) -> 17 | E46: =SUM('BeeOS - Danh sách Bồi Thường'!H2) -> 0 | F46: =SUM('BeeOS - Danh sách Bồi Thường'!I2) -> 0
A47: 42 | B47: Chi tiết Bồi Thường | C47: =SUM('BeeOS - Chi Tiết Bồi Thường'!F2) -> 20 | D47: =SUM('BeeOS - Chi Tiết Bồi Thường'!G2) -> 20 | E47: =SUM('BeeOS - Chi Tiết Bồi Thường'!H2) -> 0 | F47: =SUM('BeeOS - Chi Tiết Bồi Thường'!I2) -> 0
A48: Total Test Cases | C48: =SUM(C6:C47) -> 731 | D48: =SUM(D6:D47) -> 731 | E48: =SUM(E6:E47) -> 0 | F48: =SUM(F6:F47) -> 0

Sheet BeeOS - Đăng nhập
B1: Tên chức năng | D1: Đăng nhập & Quên mật khẩu | G1: Tổng TCs | H1: Đạt | I1: Không đạt | J1: Chưa xong
B2: Người tạo | D2: Levi | G2: =COUNTIF(A6:A68,"TC-??") -> 17 | H2: =COUNTIF(I4:I925,"Đạt") -> 17 | I2: =COUNTIF(I4:I925,"Không Đạt") -> 0 | J2: =COUNTIF(G4:G925,"Chưa Xong") -> 0
B3: Ngày Tạo | D3: 45980 | G3: =SUM(H3+I3+J3) -> 1 | H3: =H2/G2 -> 1 | I3: =I2/G2 -> 0 | J3: =J2/G2 -> 0
A5: ID | B5: Mô tả User Story | C5: Chức năng chính | D5: Chức năng con | E5: Điều kiện tiên quyết | F5: Mô tả | G5: Các bước thực hiện | H5: Kết quả mong đợi | I5: Kết quả thực tế
A6: TC-01 | B6: Là Admin, tôi muốn đăng nhập bằng email và mật khẩu hợp lệ để vào trang chính | C6: Đăng nhập | D6: Đăng nhập thủ công | E6: Admin đã có tài khoản active | F6: Kiểm tra đăng nhập thành công với thông tin hợp lệ | G6: 1. Mở trang đăng nhập 2. Nhập email admin[at]example.com 3. Nhập mật khẩu đúng 4. Nhấn Đăng nhập | H6: Hệ thống đăng nhập thành công; Chuyển đến trang chính với vai trò Admin | I6: Đạt
A7: TC-02 | B7: Là Admin, tôi muốn biết khi nhập sai mật khẩu để nhập lại | C7: Đăng nhập | D7: Đăng nhập thủ công | E7: Admin đã có tài khoản active | F7: Kiểm tra đăng nhập với mật khẩu sai | G7: 1. Nhập email admin[at]example.com 2. Nhập sai mật khẩu 3. Nhấn Đăng nhập | H7: Hệ thống không đăng nhập; Hiển thị thông báo sai mật khẩu | I7: Đạt
A8: TC-03 | B8: Là Admin, tôi muốn biết khi nhập sai định dạng email | C8: Đăng nhập | D8: Đăng nhập thủ công | E8: Có màn hình đăng nhập | F8: Kiểm tra nhập email sai định dạng | G8: 1. Nhập email admin.example.com 2. Nhập mật khẩu bất kỳ 3. Nhấn Đăng nhập | H8: Hệ thống không đăng nhập; Hiển thị lỗi định dạng email | I8: Đạt
A9: TC-04 | B9: Là Admin, tôi muốn hệ thống nhắc nhập email khi để trống | C9: Đăng nhập | D9: Đăng nhập thủ công | E9: Có màn hình đăng nhập | F9: Kiểm tra để trống email | G9: 1. Để trống email 2. Nhập mật khẩu bất kỳ 3. Nhấn Đăng nhập | H9: Hệ thống hiển thị thông báo bắt buộc nhập email | I9: Đạt
A10: TC-05 | B10: Là Admin, tôi muốn hệ thống nhắc nhập mật khẩu khi để trống | C10: Đăng nhập | D10: Đăng nhập thủ công | E10: Có màn hình đăng nhập | F10: Kiểm tra để trống mật khẩu | G10: 1. Nhập admin[at]example.com 2. Để trống mật khẩu 3. Nhấn Đăng nhập | H10: Hệ thống hiển thị yêu cầu nhập mật khẩu | I10: Đạt
A11: TC-07 | B11: Là Admin, tôi muốn xem thông báo nếu bỏ trống cả email và mật khẩu | C11: Đăng nhập | D11: Đăng nhập thủ công | E11: Có màn hình đăng nhập | F11: Kiểm tra bỏ trống cả 2 trường | G11: 1. Để trống email và mật khẩu 2. Nhấn Đăng nhập | H11: Hệ thống hiển thị lỗi yêu cầu nhập email và mật khẩu | I11: Đạt
A12: TC-08 | B12: Là Admin, tôi muốn hệ thống giữ phiên đăng nhập nếu refresh trang | C12: Đăng nhập | D12: Quản lý phiên | E12: Admin đã đăng nhập thành công | F12: Kiểm tra session sau khi refresh | G12: 1. Đăng nhập thành công 2. Refresh trình duyệt | H12: Hệ thống vẫn giữ trạng thái đăng nhập; Hiển thị trang chính | I12: Đạt
A13: TC-09 | B13: Là Admin, tôi muốn được yêu cầu đổi mật khẩu nếu quên | C13: Quên mật khẩu | D13: Gửi yêu cầu reset | E13: Admin quên mật khẩu | F13: Kiểm tra gửi yêu cầu quên mật khẩu | G13: 1. Nhấn Forgot Password 2. Nhập admin[at]example.com 3. Nhấn Gửi yêu cầu | H13: Hệ thống gửi email đặt lại mật khẩu; Hiển thị thông báo gửi email thành công | I13: Đạt
A14: TC-10 | B14: Là Underwriter, tôi muốn đăng nhập thành công bằng email và mật khẩu | C14: Đăng nhập | D14: Đăng nhập thủ công | E14: Underwriter có tài khoản active | F14: Đăng nhập Underwriter hợp lệ | G14: 1. Nhập email uw[at]example.com 2. Nhập mật khẩu đúng 3. Nhấn Đăng nhập | H14: Hệ thống đăng nhập thành công; Chuyển đến trang chính với vai trò Underwriter | I14: Đạt
A15: TC-11 | B15: Là Claim Officer, tôi muốn đăng nhập thành công bằng email và mật khẩu | C15: Đăng nhập | D15: Đăng nhập thủ công | E15: Claim Officer có tài khoản active | F15: Đăng nhập Claim Officer hợp lệ | G15: 1. Nhập email claim[at]example.com 2. Nhập mật khẩu đúng 3. Nhấn Đăng nhập | H15: Hệ thống đăng nhập thành công; Chuyển đến trang chính với vai trò Claim Officer | I15: Đạt
A16: TC-12 | B16: Là Underwriter/Claim Officer, tôi muốn đăng nhập bằng Gmail liên kết | C16: Đăng nhập | D16: Đăng nhập bằng Gmail | E16: Tài khoản đã liên kết Google | F16: Kiểm tra đăng nhập bằng Google | G16: 1. Nhấn Đăng nhập bằng Google 2. Chọn tài khoản Google đã liên kết | H16: Hệ thống xác thực Google thành công; Chuyển đến trang chính với vai trò tương ứng | I16: Đạt
... A22: TC-18 | B22: Là người dùng, tôi muốn quay lại màn hình đăng nhập nếu hủy đăng nhập bằng Google | C22: Đăng nhập bằng Gmail | D22: Đăng nhập Google | E22: Người dùng đang đăng nhập bằng Google | F22: Kiểm tra hủy trong popup Google | G22: 1. Nhấn Đăng nhập bằng Google 2. Chọn Hủy tại popup | H22: Hệ thống không tạo phiên đăng nhập; Quay lại màn hình đăng nhập ban đầu | I22: Đạt

Sheet BeeOS - Đăng Xuất
B1: Tên chức năng | D1: Đăng Xuất | G1: Tổng TCs | H1: Đạt | I1: Không đạt | J1: Chưa xong
B2: Người tạo | D2: Levi | G2: =COUNTIF(A5:A44,"TC-??") -> 5 | H2: =COUNTIF(I4:I901,"Đạt") -> 5 | I2: =COUNTIF(I4:I901,"Không Đạt") -> 0 | J2: =COUNTIF(G4:G901,"Chưa Xong") -> 0
B3: Ngày Tạo | D3: 45986 | G3: =SUM(H3+I3+J3) -> 1 | H3: =H2/G2 -> 1 | I3: =I2/G2 -> 0 | J3: =J2/G2 -> 0
A5: ID | B5: Mô tả User Story | C5: Chức năng chính | D5: Chức năng con | E5: Điều kiện tiên quyết | F5: Mô tả | G5: Các bước thực hiện | H5: Kết quả mong đợi | I5: Kết quả thực tế
A6: TC-01 | B6: Hiển thị thông tin user và nút Logout | C6: Đăng Xuất | D6: Hiển thị user + nút logout | E6: Người dùng đã đăng nhập | F6: Góc trái dưới hiển thị avatar, tên, chức danh và icon logout | G6: 1. Đăng nhập bằng account hợp lệ; 2. Quan sát góc trái dưới màn hình | H6: Hiển thị avatar đúng; hiển thị tên và chức danh đúng; hiển thị icon logout (mũi tên) | I6: Đạt
A7: TC-02 | B7: Mở dialog xác nhận khi click logout | C7: Đăng Xuất | D7: Dialog xác nhận logout | E7: User đang đăng nhập và nhấn icon logout | F7: Khi người dùng nhấn icon logout phải hiện dialog xác nhận | G7: 1. Nhấn icon logout ở góc trái dưới; 2. Quan sát dialog hiển thị | H7: Hiển thị dialog xác nhận với 2 tùy chọn: Xác nhận (Logout) và Hủy | I7: Đạt
A8: TC-03 | B8: Logout thành công sau khi xác nhận | C8: Đăng Xuất | D8: Xoá session / redirect về login | E8: Dialog xác nhận hiển thị và user chọn xác nhận | F8: Sau xác nhận, user được đăng xuất và về trang Login | G8: 1. Nhấn icon logout; 2. Nhấn nút Xác nhận trong dialog | H8: Người dùng được redirect về màn hình Login; session/token bị xoá; truy cập trang nội bộ trả về yêu cầu đăng nhập | I8: Đạt
A9: TC-04 | B9: Kiểm tra multiple tabs sau logout (session sync) | C9: Đăng Xuất | D9: Đồng bộ logout giữa tab | E9: User đăng nhập trên nhiều tab | F9: Logout trên 1 tab phải khiến các tab khác redirect về Login | G9: 1. Mở 2 tab cùng account; 2. Logout ở tab A; 3. Quan sát tab B | H9: Tab B tự động redirect về Login hoặc hiển thị thông báo phiên đã bị đăng xuất | I9: Đạt
A10: TC-05 | B10: Accessibility / keyboard support cho logout | C10: Đăng Xuất | D10: Keyboard & Screen reader | E10: User có nhu cầu hỗ trợ a11y | F10: Nút logout và dialog phải có keyboard focus & ARIA labels | G10: 1. Dùng phím Tab đến icon logout; 2. Nhấn Enter; 3. Dùng phím di chuyển trong dialog | H10: Icon có thể focus bằng keyboard; dialog có tiêu đề rõ ràng; có nút xác nhận/hủy có thể thao tác bằng keyboard; screen reader đọc được nội dung | I10: Đạt

Sheet BeeOS - Quản lý Pham vi BH
B1: Tên chức năng | D1: Quản lý Pham vi Bảo Hiểm | G1: Tổng TCs | H1: Đạt | I1: Không đạt | J1: Chưa xong
B2: Người tạo | D2: Levi | G2: =COUNTIF(A6:A76,"TC-??") -> 21 | H2: =COUNTIF(I4:I933,"Đạt") -> 21 | I2: =COUNTIF(G4:G933,"Không Đạt") -> 0 | J2: =COUNTIF(G4:G933,"Chưa Xong") -> 0
B3: Ngày Tạo | D3: 45981 | G3: =SUM(H3+I3+J3) -> 1 | H3: =H2/G2 -> 1 | I3: =I2/G2 -> 0 | J3: =J2/G2 -> 0
A5: ID | B5: User Story | C5: Chức năng chính | D5: Chức năng con | E5: Điều kiện tiên quyết | F5: Mô tả | G5: Các bước thực hiện | H5: Kết quả mong đợi | I5: Kết quả thực tế
A6: TC-01 | B6: Là Admin, tôi muốn truy cập màn hình Quản lý Phạm vi Bảo hiểm | C6: Quản lý Phạm vi Bảo hiểm | D6: Truy cập màn hình | E6: Admin đã đăng nhập hệ thống | F6: Kiểm tra khả năng truy cập màn hình danh sách Phạm vi BH | G6: 1. Đăng nhập với quyền Admin;2. Chọn menu Quản lý chung;3. Chọn Phạm vi bảo hiểm | H6: Hệ thống hiển thị màn hình Quản lý Phạm vi Bảo hiểm | I6: Đạt
A7: TC-02 | B7: Là Admin, tôi muốn xem danh sách Phạm vi BH | C7: Quản lý Phạm vi Bảo hiểm | D7: . | E7: Đang ở màn hình Quản lý Phạm vi BH | F7: Hiển thị danh sách phạm vi bảo hiểm | G7: 1. Truy cập màn hình danh sách | H7: Hiển thị danh sách gồm: Tên phạm vi BH, Cơ sở bồi thường, nút Sửa/Xóa | I7: Đạt
A8: TC-03 | B8: Là Admin, tôi muốn tìm kiếm Phạm vi BH | C8: Quản lý Phạm vi Bảo hiểm | D8: Tìm kiếm | E8: Có dữ liệu phạm vi BH | F8: Tìm kiếm theo tên phạm vi bảo hiểm | G8: 1. Nhập từ khóa vào ô Tìm kiếm;2. Quan sát danh sách | H8: Chỉ hiển thị các bản ghi phù hợp với từ khóa | I8: Đạt
A9: TC-04 | B9: Là Admin, tôi muốn sắp xếp theo thứ tự tăng dần cho cột Tên phạm vi BH | C9: Quản lý Loại hình BH | D9: Xem danh sách | E9: Đang ở màn hình danh sách | F9: Sắp xếp tăng dần cho cột Tên viết tắt | G9: 1. Sắp xếp cột Tên phạm vi BH tăng dần | H9: 1. Hiển thị đúng tên phạm vi BH tăng dần | I9: Đạt
A10: TC-05 | B10: Là Admin, tôi muốn sắp xếp theo thứ tự giảm dần cho cột Tên phạm vi BH | C10: Quản lý Loại hình BH | D10: Xem danh sách | E10: Đang ở màn hình danh sách | F10: Sắp xếp giảm dần cho cột Tên đầy đủ | G10: 1. Sắp xếp cột Tên phạm vi BH giảm dần | H10: 1. Hiển thị đúng tên phạm vi BH giảm dần | I10: Đạt
A11: TC-06 | B11: Là Admin, tôi muốn phân trang danh sách | C11: Quản lý Phạm vi Bảo hiểm | D11: Phân trang | E11: Có nhiều hơn 1 trang dữ liệu | F11: Kiểm tra điều hướng trang | G11: 1. Nhấn Trang tiếp;2. Nhấn Trang trước;3. Chọn số trang | H11: Dữ liệu hiển thị đúng theo trang được chọn | I11: Đạt
A12: TC-07 | B12: Là Admin, tôi muốn mở màn hình tạo mới Phạm vi BH | C12: Quản lý Phạm vi Bảo hiểm | D12: Mở form tạo mới | E12: Đang ở màn hình danh sách | F12: Điều hướng sang màn hình tạo mới | G12: 1. Nhấn + Thêm Phạm vi Bảo hiểm | H12: Hệ thống mở màn hình Tạo phạm vi bảo hiểm | I12: Đạt
A13: TC-08 | B13: Là Admin, tôi muốn tạo Phạm vi BH với dữ liệu hợp lệ | C13: Quản lý Phạm vi Bảo hiểm | D13: Tạo mới | E13: Đang ở màn hình Tạo phạm vi BH | F13: Tạo mới phạm vi bảo hiểm thành công | G13: 1. Nhập Tên phạm vi BH;2. Nhập Cơ sở bồi thường;3. Chọn Trạng thái;4. Nhấn Tạo phạm vi bảo hiểm | H13: Phạm vi BH được tạo thành công và hiển thị trong danh sách | I13: Đạt
A14: TC-09 | B14: Là Admin, tôi không muốn tạo khi thiếu Tên phạm vi BH | C14: Quản lý Phạm vi Bảo hiểm | D14: Validate dữ liệu | E14: Đang ở màn hình Tạo mới | F14: Kiểm tra validate trường bắt buộc | G14: 1. Để trống Tên phạm vi BH;2. Nhấn Tạo phạm vi bảo hiểm | H14: Hiển thị thông báo lỗi yêu cầu nhập Tên phạm vi BH | I14: Đạt
A15: TC-10 | B15: Là Admin, tôi không muốn tạo khi thiếu Cơ sở bồi thường | C15: Quản lý Phạm vi Bảo hiểm | D15: Validate dữ liệu | E15: Đang ở màn hình Tạo mới | F15: Kiểm tra validate trường bắt buộc | G15: 1. Để trống Cơ sở bồi thường;2. Nhấn Tạo phạm vi bảo hiểm | H15: Hiển thị thông báo lỗi yêu cầu nhập Cơ sở bồi thường | I15: Đạt
A16: TC-11 | B16: Là Admin, tôi muốn thêm Mức khấu trừ | C16: Quản lý Phạm vi Bảo hiểm | D16: Thêm mức khấu trừ | E16: Đang ở màn hình Tạo/Sửa | F16: Thêm danh sách mức khấu trừ | G16: 1. Nhấn + Thêm mức khấu trừ;2. Nhập thông tin mức khấu trừ | H16: Mức khấu trừ được thêm vào danh sách | I16: Đạt
... A26: TC-21 | B26: Là Admin, tôi muốn quay lại danh sách từ màn hình Tạo/Sửa | C26: Quản lý Phạm vi Bảo hiểm | D26: Quay lại | E26: Đang ở màn hình Tạo/Sửa | F26: Điều hướng | G26: 1. Nhấn Quay lại | H26: Quay về màn hình danh sách | I26: Đạt

Sheet BeeOS - Quản lý Mức khấu trừ
B1: Tên chức năng | D1: Quản lý Mức khấu trừ | G1: Tổng TCs | H1: Đạt | I1: Không đạt | J1: Chưa xong
B2: Người tạo | D2: Levi | G2: =COUNTIF(A6:A75,"TC-??") -> 20 | H2: =COUNTIF(I4:I932,"Đạt") -> 20 | I2: =COUNTIF(I4:I932,"Không Đạt") -> 0 | J2: =COUNTIF(G4:G932,"Chưa Xong") -> 0
B3: Ngày Tạo | D3: 45981 | G3: =SUM(H3+I3+J3) -> 1 | H3: =H2/G2 -> 1 | I3: =I2/G2 -> 0 | J3: =J2/G2 -> 0
A5: ID | B5: User Story | C5: Chức năng chính | D5: Chức năng con | E5: Điều kiện tiên quyết | F5: Mô tả | G5: Các bước thực hiện | H5: Kết quả mong đợi | I5: Kết quả thực tế
A6: TC-01 | B6: Là Admin, tôi muốn truy cập màn hình Quản lý Mức khấu trừ | C6: Quản lý Mức khấu trừ | D6: Truy cập màn hình | E6: Admin đã đăng nhập | F6: Kiểm tra truy cập màn hình danh sách | G6: 1. Đăng nhập bằng tài khoản Admin;2. Chọn Quản lý chung;3. Chọn Mức khấu trừ | H6: Hệ thống hiển thị màn hình Quản lý Mức khấu trừ | I6: Đạt
A7: TC-02 | B7: Là Admin, tôi muốn xem danh sách Mức khấu trừ | C7: Quản lý Mức khấu trừ | D7: Xem danh sách | E7: Đang ở màn hình Quản lý | F7: Hiển thị danh sách mức khấu trừ | G7: 1. Truy cập màn hình danh sách | H7: Hiển thị các cột: Tên mức khấu trừ, Mức khấu trừ , nút Sửa/Xóa | I7: Đạt
A8: TC-03 | B8: Là Admin, tôi muốn tìm kiếm Mức khấu trừ | C8: Quản lý Mức khấu trừ | D8: Tìm kiếm | E8: Có dữ liệu mức khấu trừ | F8: Tìm kiếm theo tên mức khấu trừ | G8: 1. Nhập từ khóa vào ô Tìm kiếm | H8: Danh sách hiển thị đúng các bản ghi phù hợp | I8: Đạt
A9: TC-04 | B9: Là Admin, tôi muốn phân trang danh sách | C9: Quản lý Mức khấu trừ | D9: Phân trang | E9: Có nhiều trang dữ liệu | F9: Điều hướng giữa các trang | G9: 1. Nhấn Trang tiếp / Trang trước;2. Chọn số trang | H9: Dữ liệu hiển thị đúng theo trang | I9: Đạt
A10: TC-05 | B10: Là Admin, tôi muốn sắp xếp theo thứ tự tăng dần cho cột Tên mức khấu trừ | C10: Quản lý Mức khấu trừ | D10: Xem danh sách | E10: Đang ở màn hình danh sách | F10: Sắp xếp tăng dần cho cột tên Tên mức khấu trừ | G10: 1. Sắp xếp cột Tên mức khấu trừ | H10: 1. Hiển thị đúng Tên mức khấu trừ | I10: Đạt
A11: TC-06 | B11: Là Admin, tôi muốn sắp xếp theo thứ tự giảm dần cho cột Tên mức khấu trừ | C11: Quản lý Mức khấu trừ | D11: Xem danh sách | E11: Đang ở màn hình danh sách | F11: Sắp xếp giảm dần cho cột Tên mức khấu trừ | G11: 1. Sắp xếp cột Tên mức khấu trừ | H11: 1. Hiển thị đúng Tên mức khấu trừ | I11: Đạt
A12: TC-07 | B12: Là Admin, tôi muốn mở màn hình tạo Mức khấu trừ | C12: Quản lý Mức khấu trừ | D12: Mở form tạo mới | E12: Đang ở màn hình danh sách | F12: Điều hướng sang màn hình tạo | G12: 1. Nhấn + Thêm mức khấu trừ | H12: Mở màn hình Tạo Mức khấu trừ | I12: Đạt
A13: TC-08 | B13: Là Admin, tôi muốn tạo Mức khấu trừ hợp lệ | C13: Quản lý Mức khấu trừ | D13: Tạo mới | E13: Đang ở màn hình Tạo | F13: Tạo mới thành công | G13: 1. Nhập Tên mức khấu trừ;2. Nhập Mức khấu trừ 3. Nhấn Tạo mức khấu trừ | H13: Mức khấu trừ được tạo thành công và hiển thị trong danh sách | I13: Đạt
A14: TC-09 | B14: Là Admin, tôi không thể tạo khi thiếu Tên mức khấu trừ | C14: Quản lý Mức khấu trừ | D14: Validate dữ liệu | E14: Đang ở màn hình Tạo | F14: Kiểm tra trường bắt buộc | G14: 1. Để trống Tên mức khấu trừ;2. Nhấn Tạo mức khấu trừ | H14: Hiển thị thông báo yêu cầu nhập Tên mức khấu trừ | I14: Đạt
A15: TC-10 | B15: Là Admin tôi không thể tạo khi nhập tên mức khấu trừ đã tồn tại | C15: Quản lý Mức khấu trừ | D15: Validate dữ liệu | E15: Đang ở màn hình Tạo | F15: Kiểm tra trường bắt buộc | G15: 1. Nhập tên mức khấu trừ đã tồn tại 2. Nhấn "Tạo mức khấu trừ" | H15: Hiển thị thông báo Tên mức khấu trừ đã tồn tại | I15: Đạt
A16: TC-11 | B16: Là Admin, tôi muốn hủy thao tác tạo mới | C16: Quản lý Mức khấu trừ | D16: Bỏ qua | E16: Đang ở màn hình Tạo | F16: Không lưu dữ liệu | G16: 1. Nhấn Bỏ qua | H16: Quay về màn hình danh sách, không tạo bản ghi | I16: Đạt
... A22: TC-17 | B22: Là Admin tôi có thể nhấn vào icon xóa mức khẩu trừ | C22: Quản lý Mức khấu trừ | D22: Xóa | E22: Đang ở màn hình danh sách mức khấu trừ | F22: Hiển thị giao diện xóa | G22: 1. Nhấn vào icon xóa | H22: Hiển thị popup xóa | I22: Đạt
A23: TC-18 | B23: "Là Admin tôi có thể xóa khi nhấn vào nút "Có, Xóa ngay" | C23: Quản lý Mức khấu trừ | D23: Xóa | E23: Đang ở popup xóa | G23: 1. Nhấn vào nút "Có, Xóa ngay" | H23: Hiển thị thông báo xóa thành công | I23: Đạt
A24: TC-19 | B24: "Là Admin khi nhấn vào nút | C24: Quản lý Mức khấu trừ | D24: Xóa | E24: Đang ở popup xóa | G24: 1. Nhấn vào nút "Đóng" | H24: Đóng popup và không xóa quay lại màn hình khẩu trừ | I24: Đạt
A25: TC-20 | B25: Là Admin khi tôi xóa mức khẩu trừ đang được sử dụng sẽ hiển thị lỗi không cho phép xóa | C25: Quản lý Mức khấu trừ | D25: Xóa | E25: Mức khấu trừ đang được dùng trong phạm vi BH | F25: Kiểm tra trường bắt buộc | G25: 1. Nhấn vào nút "Có, Xóa ngay" | H25: Hiển thị thông báo không thể xóa | I25: Đạt

Sheet BeeOS - Quản lý Loại hình BH
B1: Tên chức năng | D1: Quản lý Loại hình Bảo Hiểm | G1: Tổng TCs | H1: Đạt | I1: Không đạt | J1: Chưa xong
B2: Người tạo | D2: Levi | G2: =COUNTIF(A6:A78,"TC-??") -> 26 | H2: =COUNTIF(I4:I935,"Đạt") -> 26 | I2: =COUNTIF(I4:I935,"Không Đạt") -> 0 | J2: =COUNTIF(I4:I935,"Chưa Xong") -> 0
B3: Ngày Tạo | D3: 45980 | G3: =SUM(H3+I3+J3) -> 1 | H3: =H2/G2 -> 1 | I3: =I2/G2 -> 0 | J3: =J2/G2 -> 0
A5: ID | B5: User Story | C5: Chức năng chính | D5: Chức năng con | E5: Điều kiện tiên quyết | F5: Mô tả | G5: Các bước thực hiện | H5: Kết quả mong đợi | I5: Kết quả thực tế
A6: TC-01 | B6: Là Admin, tôi muốn truy cập màn hình Quản lý Loại hình BH | C6: Quản lý Loại hình BH | D6: Truy cập màn hình | E6: Admin đã đăng nhập | F6: Kiểm tra truy cập màn hình danh sách | G6: 1. Đăng nhập bằng tài khoản Admin;2. Chọn Quản lý chung;3. Chọn Loại hình bảo hiểm | H6: Hệ thống hiển thị màn hình Loại hình bảo hiểm | I6: Đạt
A7: TC-02 | B7: Là Admin, tôi muốn xem danh sách Loại hình BH | C7: Quản lý Loại hình BH | D7: Xem danh sách | E7: Đang ở màn hình danh sách | F7: Hiển thị danh sách loại hình | G7: 1. Truy cập màn hình danh sách | H7: Hiển thị danh sách gồm: Tên viết tắt, Tên đầy đủ và Phạm vi bảo hiểm, nút Sửa/ Xóa | I7: Đạt
A8: TC-03 | B8: Là Admin, tôi muốn sắp xếp theo thứ tự tăng dần và giảm dần cho cột Tên viết tắt | C8: Quản lý Loại hình BH | D8: Xem danh sách | E8: Đang ở màn hình danh sách | F8: Sắp xếp tăng dần và giảm dần cho cột Tên viết tắt | G8: 1. Sắp xếp cột Tên viết tắt tăng dần 2. Sắp xếp cột tên viết tắt giảm dần | H8: 1. Hiển thị đúng tên viết tắt tăng dần 2. Hiển thị đúng tên viết tắt tăng dần | I8: Đạt
A9: TC-04 | B9: Là Admin, tôi muốn sắp xếp theo thứ tự tăng dần và giảm dần cho cột Tên đầy đủ | C9: Quản lý Loại hình BH | D9: Xem danh sách | E9: Đang ở màn hình danh sách | F9: Sắp xếp tăng dần và giảm dần cho cột Tên đầy đủ | G9: 1. Sắp xếp cột Tên đầy đủ tăng dần 2. Sắp xếp cột tên đầy đủ giảm dần | H9: 1. Hiển thị đúng tên đầy đủ tăng dần 2. Hiển thị đúng tên đầy đủ tăng dần | I9: Đạt
A10: TC-05 | B10: Là Admin, tôi muốn chọn số hàng hiển thị trong 1 trang | C10: Quản lý Loại hình BH | D10: Phân trang | E10: Có nhiều hơn 1 trang dữ liệu | F10: Chọn số item hiển thị trong trang | G10: 1. Nhấn chọn số hàng mỗi trang | H10: Hiển thị đúng số item trong 1 trang | I10: Đạt
A11: TC-06 | B11: Là Admin, tôi muốn phân trang danh sách | C11: Quản lý Loại hình BH | D11: Phân trang | E11: Có nhiều hơn 1 trang dữ liệu | F11: Điều hướng danh sách | G11: 1. Nhấn Trang tiếp / Trang trước;2. Chọn số trang | H11: Dữ liệu hiển thị đúng theo trang được chọn | I11: Đạt
A12: TC-07 | B12: Là Admin, tôi muốn mở màn hình tạo Loại hình BH | C12: Quản lý Loại hình BH | D12: Mở form tạo mới | E12: Đang ở màn hình danh sách | F12: Điều hướng sang màn hình tạo | G12: 1. Nhấn + Thêm loại hình bảo hiểm | H12: Mở màn hình Tạo loại hình bảo hiểm | I12: Đạt
A13: TC-08 | B13: Là Admin, tôi muốn tạo Loại hình BH hợp lệ | C13: Quản lý Loại hình BH | D13: Tạo mới | E13: Đang ở màn hình Tạo | F13: Tạo mới thành công | G13: 1. Nhập Tên loại hình bảo hiểm đầy đủ;2. Nhập tên viết tắt 3. Nhập Tài sản và quyền lợi bảo hiểm;4. Thêm Phạm vi bảo hiểm;5. Chọn Nhóm tổn thất;6. Chọn Bộ điều khoản bổ sung;7. Nhấn Tạo loại hình bảo hiểm | H13: Loại hình BH được tạo thành công và hiển thị trong danh sách | I13: Đạt
A14: TC-09 | B14: Là Admin, tôi không thể tạo khi thiếu Tên loại hình BH | C14: Quản lý Loại hình BH | D14: Validate dữ liệu | E14: Đang ở màn hình Tạo | F14: Kiểm tra trường bắt buộc | G14: 1. Để trống Tên loại hình BH đầy đủ ;2. Nhấn Tạo loại hình bảo hiểm | H14: Hiển thị thông báo Trường này là bắt buộc | I14: Đạt
A15: TC-10 | B15: Là Admin, tôi không thể tạo khi thiếu Tên loại hình BH | C15: Quản lý Loại hình BH | D15: Validate dữ liệu | E15: Đang ở màn hình Tạo | F15: Kiểm tra trường bắt buộc | G15: 1. Để trống Tên viết tắt BH;2. Nhấn Tạo loại hình bảo hiểm | H15: Hiển thị thông báo Trường này là bắt buộc | I15: Đạt
A16: TC-11 | B16: Là Admin, tôi không thể tạo khi thiếu Tài sản và quyền lợi BH | C16: Quản lý Loại hình BH | D16: Validate dữ liệu | E16: Đang ở màn hình Tạo | F16: Kiểm tra trường bắt buộc | G16: 1. Để trống Tài sản và quyền lợi BH;2. Nhấn Tạo loại hình bảo hiểm | H16: Hiển thị thông báo lỗi bắt buộc | I16: Đạt
... A31: TC-22 | B31: Là Admin, tôi muốn quay lại danh sách từ màn hình Tạo/Sửa | C31: Quản lý Loại hình BH | D31: Quay lại | E31: Đang ở màn hình Tạo/Sửa | F31: Điều hướng | G31: 1. Nhấn Quay lại | H31: Quay về màn hình danh sách | I31: Đạt

Sheet BeeOS - Quản lý Bộ ĐK bổ sung
B1: Tên chức năng | D1: Quản lý Bộ Điều khoản bổ sung | G1: Tổng TCs | H1: Đạt | I1: Không đạt | J1: Chưa xong
B2: Người tạo | D2: Levi | G2: =COUNTIF(A6:A74,"TC-??") -> 19 | H2: =COUNTIF(I4:I931,"Đạt") -> 19 | I2: =COUNTIF(G4:G931,"Không Đạt") -> 0 | J2: =COUNTIF(G4:G931,"Chưa Xong") -> 0
B3: Ngày Tạo | D3: 45981 | G3: =SUM(H3+I3+J3) -> 1 | H3: =H2/G2 -> 1 | I3: =I2/G2 -> 0 | J3: =J2/G2 -> 0
A5: ID | B5: User Story | C5: Chức năng chính | D5: Chức năng con | E5: Điều kiện tiên quyết | F5: Mô tả | G5: Các bước thực hiện | H5: Kết quả mong đợi | I5: Kết quả thực tế
A6: TC-01 | B6: Là Admin, tôi muốn xem danh sách Bộ điều khoản bổ sung | C6: Quản lý Bộ điều khoản bổ sung | D6: Xem danh sách | E6: Admin đã đăng nhập | F6: Kiểm tra hiển thị danh sách | G6: 1. Truy cập menu Quản lý chung → Điều khoản bổ sung; 2. Quan sát danh sách | H6: Danh sách hiển thị đầy đủ các Bộ điều khoản;Hiển thị đúng tên | I6: Đạt
A7: TC-02 | B7: Là Admin, tôi muốn tìm kiếm Bộ điều khoản bổ sung | C7: Quản lý Bộ điều khoản bổ sung | D7: Tìm kiếm | E7: Có dữ liệu trong hệ thống | F7: Kiểm tra chức năng tìm kiếm | G7: 1. Nhập từ khóa vào ô Tìm kiếm; 2. Quan sát kết quả | H7: Danh sách lọc đúng theo từ khóa | I7: Đạt
A8: TC-03 | B8: Là Admin, tôi muốn sắp xếp theo thứ tự tăng dần cho cột Tên bộ điều khoản bổ sung | C8: Quản lý Bộ điều khoản bổ sung | D8: Xem danh sách | E8: Đang ở màn hình danh sách | F8: Sắp xếp tăng dần cho cột tên bộ điều khoản bổ sung | G8: 1. Sắp xếp cột Tên bộ điều khoản bổ sung | H8: 1. Hiển thị đúng Tên bộ điều khoản bổ sung theo thứ tự tăng dần | I8: Đạt
A9: TC-04 | B9: Là Admin, tôi muốn sắp xếp theo thứ tự giảm dần cho cột Tên điều khoản bổ sung | C9: Quản lý Bộ điều khoản bổ sung | D9: Xem danh sách | E9: Đang ở màn hình danh sách | F9: Sắp xếp giảm dần cho cột tên bộ điều khoản bổ sung | G9: 1. Sắp xếp cột Tên bộ điều khoản bổ sung | H9: 1. Hiển thị đúng Tên bộ điều khoản bổ sung theo thứ tự giảm dần | I9: Đạt
A10: TC-05 | B10: Là Admin, tôi muốn mở màn hình tạo mới Bộ điều khoản bổ sung | C10: Quản lý Bộ điều khoản bổ sung | D10: Tạo mới | E10: Admin đã đăng nhập | F10: Kiểm tra điều hướng nút tạo | G10: 1. Nhấn nút “+ Thêm bộ điều khoản bổ sung” | H10: Mở màn hình “Tạo Bộ điều khoản bổ sung” | I10: Đạt
A11: TC-06 | B11: Là Admin, tôi muốn tạo mới Bộ điều khoản bổ sung hợp lệ | C11: Quản lý Bộ điều khoản bổ sung | D11: Lưu tạo mới | E11: Nhập đầy đủ thông tin bắt buộc | F11: Kiểm tra tạo mới thành công | G11: 1. Nhập Tên bộ điều khoản 2. Nhập Category 4. Thêm 1 điều khoản 5. Nhấn “Tạo Bộ điều khoản bổ sung” | H11: Tạo thành công;Hiển thị bộ điều khoản mới trong danh sách | I11: Đạt
A12: TC-07 | B12: Là Admin, tôi không muốn tạo khi thiếu thông tin bắt buộc | C12: Quản lý Bộ điều khoản bổ sung | D12: Validate dữ liệu | E12: Chưa nhập đủ trường bắt buộc | F12: Kiểm tra validate form | G12: 1. Bỏ trống Tên 2. Nhấn Tạo | H12: Hiển thị thông báo lỗi;Không cho lưu | I12: Đạt
A13: TC-08 | B13: Là Admin, tôi muốn chọn nhiều điều khoản trong modal | C13: Quản lý Bộ điều khoản bổ sung | D13: Chọn điều khoản | E13: Modal đang mở | F13: Kiểm tra chọn nhiều item | G13: 1. Tick chọn nhiều điều khoản 2. Nhấn “Thêm điều khoản” | H13: Các điều khoản được thêm vào danh sách | I13: Đạt
A14: TC-09 | B14: Là Admin, tôi muốn tìm điều khoản trong modal | C14: Quản lý Bộ điều khoản bổ sung | D14: Tìm trong modal | E14: Có nhiều điều khoản | F14: Kiểm tra tìm kiếm trong modal | G14: 1. Nhập từ khóa trong modal | H14: Danh sách điều khoản lọc đúng | I14: Đạt
A15: TC-10 | B15: Là Admin, tôi muốn sắp xếp lại thứ tự điều khoản | C15: Quản lý Bộ điều khoản bổ sung | D15: Sắp xếp | E15: Danh sách có nhiều điều khoản | F15: Kiểm tra drag & drop | G15: 1. Kéo thả điều khoản để đổi vị trí | H15: Thứ tự được cập nhật đúng | I15: Đạt
A16: TC-11 | B16: Là Admin, tôi muốn xóa điều khoản khỏi bộ | C16: Quản lý Bộ điều khoản bổ sung | D16: Xóa điều khoản | E16: Đã có điều khoản | F16: Kiểm tra xóa item | G16: 1. Nhấn icon xóa tại điều khoản | H16: Điều khoản bị xóa khỏi danh sách | I16: Đạt
... A24: TC-19 | B24: Là Admin, tôi không thể xóa bộ điều khoản bổ sung đã được sử dụng | C24: Quản lý Bộ điều khoản bổ sung | D24: Xóa | E24: Bộ điều khoản bổ sung đã được dùng trong loại hình bảo hiểm | F24: Kiểm tra ràng buộc | G24: 1. Nhấn Xóa | H24: Hiển thị thông báo không thể xóa | I24: Đạt

Sheet BeeOS - Quản lý ĐK bổ sung
B1: Tên chức năng | D1: Quản lý Điều khoản bổ sung | G1: Tổng TCs | H1: Đạt | I1: Không đạt | J1: Chưa xong
B2: Người tạo | D2: Levi | G2: =COUNTIF(A6:A76,"TC-??") -> 15 | H2: =COUNTIF(I4:I932,"Đạt") -> 15 | I2: =COUNTIF(I4:I932,"Không Đạt") -> 0 | J2: =COUNTIF(I4:I932,"Chưa Xong") -> 0
B3: Ngày Tạo | D3: 46013 | G3: =SUM(H3+I3+J3) -> 1 | H3: =H2/G2 -> 1 | I3: =I2/G2 -> 0 | J3: =J2/G2 -> 0
A5: ID | B5: User Story | C5: Chức năng chính | D5: Chức năng con | E5: Điều kiện tiên quyết | F5: Mô tả | G5: Các bước thực hiện | H5: Kết quả mong đợi | I5: Kết quả thực tế
A6: TC-01 | B6: Là Admin, tôi muốn truy cập màn hình quản lý Điều khoản bổ sung | C6: Quản lý Điều khoản bổ sung | D6: Truy cập màn hình | E6: User đăng nhập với quyền Admin | F6: Kiểm tra truy cập menu Điều khoản bổ sung | G6: 1. Đăng nhập hệ thống;2. Chọn menu Quản lý chung → Điều khoản bổ sung | H6: Hệ thống hiển thị màn hình danh sách Điều khoản bổ sung | I6: Đạt
A7: TC-02 | B7: Là Admin, tôi muốn xem danh sách Điều khoản bổ sung | C7: Quản lý Điều khoản bổ sung | D7: Xem danh sách | E7: Có dữ liệu điều khoản bổ sung | F7: Kiểm tra hiển thị danh sách | G7: 1. Truy cập màn hình Điều khoản bổ sung | H7: Hiển thị danh sách gồm:Tên điều khoản;Thông tin chi tiết;Trạng thái; xóa | I7: Đạt
A8: TC-03 | B8: Là Admin, tôi muốn tìm kiếm Điều khoản bổ sung | C8: Quản lý Điều khoản bổ sung | D8: Tìm kiếm | E8: Có nhiều điều khoản trong hệ thống | F8: Kiểm tra chức năng tìm kiếm | G8: 1. Nhập từ khóa vào ô Tìm kiếm;2. Quan sát danh sách | H8: Danh sách lọc đúng theo từ khóa;Không reload trang | I8: Đạt
A9: TC-04 | B9: Là Admin, tôi muốn sắp xếp theo thứ tự tăng dần cho cột Tên điều khoản bổ sung | C9: Quản lý Loại hình BH | D9: Xem danh sách | E9: Đang ở màn hình danh sách | F9: Sắp xếp tăng dần cho cột tên điều khoản bổ sung | G9: 1. Sắp xếp cột Tên điều khoản bổ sung | H9: 1. Hiển thị đúng Tên điều khoản bổ sung | I9: Đạt
A10: TC-05 | B10: Là Admin, tôi muốn sắp xếp theo thứ tự giảm dần cho cột Tên điều khoản bổ sung | C10: Quản lý Loại hình BH | D10: Xem danh sách | E10: Đang ở màn hình danh sách | F10: Sắp xếp giảm dần cho cột tên điều khoản bổ sung | G10: 1. Sắp xếp cột Tên điều khoản bổ sung | H10: 1. Hiển thị đúng Tên điều khoản bổ sung | I10: Đạt
A11: TC-06 | B11: Là Admin, tôi muốn mở màn hình tạo Điều khoản bổ sung | C11: Quản lý Điều khoản bổ sung | D11: Tạo mới | E11: User có quyền Admin | F11: Kiểm tra điều hướng tạo mới | G11: 1. Nhấn nút “+ Thêm điều khoản bổ sung” | H11: Mở màn hình “Tạo điều khoản bổ sung” | I11: Đạt
A12: TC-07 | B12: Là Admin, tôi muốn tạo Điều khoản bổ sung mới | C12: Quản lý Điều khoản bổ sung | D12: Lưu tạo mới | E12: Nhập đầy đủ dữ liệu hợp lệ | F12: Kiểm tra tạo mới thành công | G12: 1. Nhập Tên điều khoản;2. Nhập Thông tin chi tiết;3. Nhấn “Tạo điều khoản bổ sung” | H12: Điều khoản được tạo thành công;Hiển thị trong danh sách;Thông báo thành công | I12: Đạt
A13: TC-08 | B13: Là Admin, tôi muốn kiểm tra validate khi tạo mới | C13: Quản lý Điều khoản bổ sung | D13: Validate dữ liệu | E13: Đang ở màn hình tạo mới | F13: Kiểm tra dữ liệu bắt buộc | G13: 1. Để trống Tên điều khoản;2. Nhấn Lưu | H13: Hiển thị cảnh báo bắt buộc nhập Tên điều khoản;Không tạo dữ liệu | I13: Đạt
A14: TC-09 | B14: Là Admin, tôi muốn hủy tạo mới | C14: Quản lý Điều khoản bổ sung | D14: Bỏ qua | E14: Đang ở màn hình tạo mới | F14: Kiểm tra nút Bỏ qua | G14: 1. Nhấn nút “Bỏ qua” | H14: Quay về màn hình danh sách;Không lưu dữ liệu | I14: Đạt
A15: TC-10 | B15: Là Admin, tôi muốn mở màn hình chỉnh sửa Điều khoản bổ sung | C15: Quản lý Điều khoản bổ sung | D15: Chỉnh sửa | E15: Điều khoản đã tồn tại | F15: Kiểm tra điều hướng chỉnh sửa | G15: 1. Nhấn icon chỉnh sửa tại dòng điều khoản | H15: Mở màn hình “Sửa điều khoản bổ sung” | I15: Đạt
A16: TC-11 | B16: Là Admin, tôi muốn chỉnh sửa thông tin Điều khoản bổ sung | C16: Quản lý Điều khoản bổ sung | D16: Lưu chỉnh sửa | E16: Dữ liệu chỉnh sửa hợp lệ | F16: Kiểm tra lưu chỉnh sửa | G16: 1. Thay đổi tên / thông tin / trạng thái;2. Nhấn “Lưu chỉnh sửa” | H16: Dữ liệu được cập nhật;Danh sách hiển thị thông tin mới | I16: Đạt
... A20: TC-15 | B20: Là Admin, tôi không thể điều khoản bổ sung đã được sử dụng | C20: Quản lý Phạm vi Bảo hiểm | D20: Xóa | E20: điều khoản bổ sung đã được dùng trong bộ điều khoản bổ sung | F20: Kiểm tra ràng buộc | G20: 1. Nhấn Xóa | H20: Hiển thị thông báo không thể xóa | I20: Đạt

Sheet BeeOS - Quản lý Nhóm Tổn Thất
B1: Tên chức năng | D1: Quản lý Nhóm Tổn thất | G1: Tổng TCs | H1: Đạt | I1: Không đạt | J1: Chưa xong
B2: Người tạo | D2: Levi | G2: =COUNTIF(A6:A74,"TC-??") -> 16 | H2: =COUNTIF(I4:I931,"Đạt") -> 16 | I2: =COUNTIF(G4:G931,"Không Đạt") -> 0 | J2: =COUNTIF(G4:G931,"Chưa Xong") -> 0
B3: Ngày Tạo | D3: 45981 | G3: =SUM(H3+I3+J3) -> 1 | H3: =H2/G2 -> 1 | I3: =I2/G2 -> 0 | J3: =J2/G2 -> 0
A5: ID | B5: User Story | C5: Chức năng chính | D5: Chức năng con | E5: Điều kiện tiên quyết | F5: Mô tả | G5: Các bước thực hiện | H5: Kết quả mong đợi | I5: Kết quả thực tế
A6: TC-01 | B6: Là Admin, tôi muốn truy cập màn hình Quản lý Nhóm tổn thất | C6: Quản lý Nhóm tổn thất | D6: Truy cập màn hình | E6: Admin đã đăng nhập hệ thống | F6: Kiểm tra khả năng truy cập màn hình danh sách | G6: 1. Đăng nhập bằng tài khoản Admin;2. Chọn Quản lý chung;3. Chọn Nhóm tổn thất | H6: Hệ thống hiển thị màn hình Quản lý Nhóm tổn thất | I6: Đạt
A7: TC-02 | B7: Là Admin, tôi muốn xem danh sách Nhóm tổn thất | C7: Quản lý Nhóm tổn thất | D7: Xem danh sách | E7: Đang ở màn hình danh sách | F7: Hiển thị danh sách nhóm tổn thất | G7: 1. Truy cập màn hình danh sách | H7: Hiển thị các cột: Tên nhóm tổn thất, nút Sửa, nút Xóa | I7: Đạt
A8: TC-03 | B8: Là Admin, tôi muốn tìm kiếm Nhóm tổn thất | C8: Quản lý Nhóm tổn thất | D8: Tìm kiếm | E8: Có dữ liệu nhóm tổn thất | F8: Tìm theo tên nhóm tổn thất | G8: 1. Nhập từ khóa vào ô Tìm kiếm | H8: Danh sách hiển thị đúng các nhóm phù hợp | I8: Đạt
A9: TC-04 | B9: Là Admin, tôi muốn phân trang danh sách | C9: Quản lý Nhóm tổn thất | D9: Phân trang | E9: Có nhiều hơn 1 trang dữ liệu | F9: Điều hướng danh sách | G9: 1. Nhấn Trang tiếp;2. Nhấn Trang trước;3. Chọn số trang | H9: Danh sách hiển thị đúng theo trang được chọn | I9: Đạt
A10: TC-05 | B10: Là Admin, tôi muốn mở màn hình tạo Nhóm tổn thất | C10: Quản lý Nhóm tổn thất | D10: Mở form tạo mới | E10: Đang ở màn hình danh sách | F10: Điều hướng tạo mới | G10: 1. Nhấn + Thêm Nhóm tổn thất | H10: Hệ thống mở màn hình Tạo nhóm tổn thất | I10: Đạt
A11: TC-06 | B11: Là Admin, tôi muốn tạo Nhóm tổn thất với dữ liệu hợp lệ | C11: Quản lý Nhóm tổn thất | D11: Tạo mới | E11: Đang ở màn hình Tạo | F11: Tạo nhóm tổn thất thành công | G11: 1. Nhập Tên nhóm tổn thất;2. Chọn Trạng thái;3. Nhấn Tạo nhóm tổn thất | H11: Nhóm tổn thất được tạo và hiển thị trong danh sách | I11: Đạt
A12: TC-07 | B12: Là Admin, tôi không thể tạo khi thiếu Tên nhóm tổn thất | C12: Quản lý Nhóm tổn thất | D12: Validate dữ liệu | E12: Đang ở màn hình Tạo | F12: Kiểm tra trường bắt buộc | G12: 1. Để trống Tên nhóm tổn thất;2. Nhấn Tạo nhóm tổn thất | H12: Hiển thị thông báo lỗi yêu cầu nhập Tên nhóm tổn thất | I12: Đạt
A13: TC-08 | B13: Là Admin tôi không thể tạo khi nhập tên nhóm tổn thất đã tồn tại | C13: Quản lý Nhóm tổn thất | D13: Validate dữ liệu | E13: Đang ở màn hình Tạo | F13: Kiểm tra trường bắt buộc | G13: 1. Nhập tên nhóm tổn thất đã tồn tại 2. Nhấn "Tạo nhóm tổn thất" | H13: Hiển thị thông báo Tên nhóm tổn thất đã tồn tại | I13: Đạt
A14: TC-09 | B14: Là Admin, tôi muốn hủy tạo mới | C14: Quản lý Nhóm tổn thất | D14: Bỏ qua | E14: Đang ở màn hình Tạo | F14: Không lưu dữ liệu | G14: 1. Nhấn Bỏ qua | H14: Quay về màn hình danh sách, không tạo nhóm mới | I14: Đạt
A15: TC-10 | B15: Là Admin, tôi muốn mở màn hình sửa Nhóm tổn thất | C15: Quản lý Nhóm tổn thất | D15: Mở form chỉnh sửa | E15: Có sẵn nhóm tổn thất | F15: Điều hướng chỉnh sửa | G15: 1. Nhấn icon Sửa tại 1 bản ghi | H15: Mở màn hình Sửa nhóm tổn thất | I15: Đạt
A16: TC-11 | B16: Là Admin, tôi muốn cập nhật Nhóm tổn thất | C16: Quản lý Nhóm tổn thất | D16: Chỉnh sửa | E16: Đang ở màn hình Sửa | F16: Lưu thay đổi | G16: 1. Thay đổi Tên;2. Nhấn Lưu chỉnh sửa | H16: Thông tin nhóm tổn thất được cập nhật thành công | I16: Đạt
... A21: TC-16 | B21: Là Admin, tôi muốn quay lại danh sách từ màn hình Tạo/Sửa | C21: Quản lý Nhóm tổn thất | D21: Quay lại | E21: Đang ở màn hình Tạo hoặc Sửa | F21: Điều hướng quay lại | G21: 1. Nhấn Quay lại | H21: Quay về màn hình danh sách Nhóm tổn thất | I21: Đạt

Sheet BeeOS - Quản lý Công ty BH
B1: Tên chức năng | D1: Quản lý Công ty Bảo Hiểm | G1: Tổng TCs | H1: Đạt | I1: Không đạt | J1: Chưa xong
B2: Người tạo | D2: Levi | G2: =COUNTIF(A6:A89,"TC-??") -> 34 | H2: =COUNTIF(I4:I946,"Đạt") -> 34 | I2: =COUNTIF(G4:G946,"Không Đạt") -> 0 | J2: =COUNTIF(G4:G946,"Chưa Xong") -> 0
B3: Ngày Tạo | D3: 45982 | G3: =SUM(H3+I3+J3) -> 1 | H3: =H2/G2 -> 1 | I3: =I2/G2 -> 0 | J3: =J2/G2 -> 0
A5: ID | B5: User Story | C5: Chức năng chính | D5: Chức năng con | E5: Điều kiện tiên quyết | F5: Mô tả | G5: Các bước thực hiện | H5: Kết quả mong đợi | I5: Kết quả thực tế
A6: TC-01 | B6: Là Admin/Underwriter/Claim Oficer, tôi muốn truy cập màn hình Quản lý Công ty Bảo hiểm | C6: Quản lý Công ty Bảo hiểm | D6: Truy cập màn hình | E6: Admin đã đăng nhập hệ thống | F6: Kiểm tra khả năng truy cập màn hình danh sách | G6: 1. Đăng nhập bằng tài khoản Admin;2. Chọn Quản lý chung;3. Chọn Công ty bảo hiểm | H6: Hệ thống hiển thị màn hình Quản lý Công ty Bảo hiểm | I6: Đạt
A7: TC-02 | B7: Là Admin/Underwriter/Claim Oficer, tôi muốn xem danh sách Công ty Bảo hiểm | C7: Quản lý Công ty Bảo hiểm | D7: Xem danh sách | E7: Đang ở màn hình danh sách | F7: Hiển thị danh sách công ty | G7: 1. Truy cập màn hình danh sách | H7: Hiển thị các cột: Tên đầy đủ, tên viết tắt, nút Sửa, nút Xóa | I7: Đạt
A8: TC-03 | B8: Là Admin/Underwriter/Claim Oficer, tôi muốn tìm kiếm Công ty Bảo hiểm | C8: Quản lý Công ty Bảo hiểm | D8: Tìm kiếm | E8: Có dữ liệu công ty | F8: Tìm theo tên công ty | G8: 1. Nhập từ khóa vào ô Tìm kiếm công ty bảo hiểm | H8: Danh sách hiển thị đúng các công ty phù hợp | I8: Đạt
A9: TC-04 | B9: Là Admin/Underwriter/Claim Oficer, tôi muốn phân trang danh sách | C9: Quản lý Công ty Bảo hiểm | D9: Phân trang | E9: Có nhiều hơn 1 trang dữ liệu | F9: Điều hướng danh sách | G9: 1. Nhấn Trang tiếp;2. Nhấn Trang trước;3. Chọn số trang | H9: Danh sách hiển thị đúng theo trang được chọn | I9: Đạt
A10: TC-05 | B10: Là Admin/Underwriter/Claim Oficer, tôi muốn sắp xếp theo thứ tự tăng dần cho cột Tên đầy đủ | C10: Quản lý Công ty Bảo hiểm | D10: Xem danh sách | E10: Đang ở màn hình danh sách | F10: Sắp xếp tăng dần cho cột Tên đầy đủ | G10: 1. Sắp xếp cột Tên đầy đủ | H10: 1. Hiển thị đúng Tên đầy đủ theo danh sách tăng dần | I10: Đạt
A11: TC-06 | B11: Là Admin/Underwriter/Claim Oficer, tôi muốn sắp xếp theo thứ tự giảm dần cho cột Tên đầy đủ | C11: Quản lý Công ty Bảo hiểm | D11: Xem danh sách | E11: Đang ở màn hình danh sách | F11: Sắp xếp giảm dần cho cột Tên đầy đủ | G11: 1. Sắp xếp cột Tên đầy đủ | H11: 1. Hiển thị đúng Tên đầy đủ theo danh sách giảm dần | I11: Đạt
A12: TC-07 | B12: Là Admin/Underwriter/Claim Oficer, tôi muốn mở màn hình tạo Công ty Bảo hiểm | C12: Quản lý Công ty Bảo hiểm | D12: Mở form tạo mới | E12: Đang ở màn hình danh sách | F12: Điều hướng tạo mới | G12: 1. Nhấn + Thêm công ty bảo hiểm | H12: Hệ thống mở màn hình Tạo Công ty Bảo hiểm và UI hiển thị đúng với figma | I12: Đạt
A13: TC-08 | B13: Là Admin/Underwriter/Claim Oficer, tôi muốn tạo Công ty Bảo hiểm với dữ liệu hợp lệ | C13: Quản lý Công ty Bảo hiểm | D13: Tạo mới | E13: Đang ở màn hình Tạo | F13: Tạo công ty bảo hiểm thành công | G13: 1. Nhập Tên công ty bảo hiểm;2. Nhập tên viết tắt; 3. Nhập email 4. Nhập thông tin người phụ trách ;5. Nhấn Tạo công ty bảo hiểm | H13: Công ty bảo hiểm được tạo và hiển thị trong danh sách | I13: Đạt
A14: TC-09 | B14: Là Admin/Underwriter/Claim Oficer, tôi không thể tạo khi thiếu Tên công ty bảo hiểm | C14: Quản lý Công ty Bảo hiểm | D14: Validate dữ liệu | E14: Đang ở màn hình Tạo | F14: Kiểm tra trường bắt buộc | G14: 1. Để trống Tên công ty bảo hiểm;2. Nhấn Tạo công ty bảo hiểm | H14: Hiển thị thông báo lỗi yêu cầu nhập Tên công ty | I14: Đạt
A15: TC-10 | B15: Là Admin/Underwriter/Claim Oficer, tôi không thể tạo khi thiếu Chi nhánh | C15: Quản lý Công ty Bảo hiểm | D15: Validate dữ liệu | E15: Đang ở màn hình Tạo | F15: Kiểm tra trường bắt buộc | G15: 1. Để trống tên viết tắt;2. Nhấn Tạo công ty bảo hiểm | H15: Hiển thị thông báo lỗi yêu cầu nhập tên viết tắt | I15: Đạt
A16: TC-11 | B16: Là Admin/Underwriter/Claim Oficer, tôi không thể tạo khi chưa chọn Trạng thái | C16: Quản lý Công ty Bảo hiểm | D16: Validate dữ liệu | E16: Đang ở màn hình Tạo | F16: Kiểm tra trường bắt buộc | G16: 1. Không chọn Trạng thái;2. Nhấn Tạo công ty bảo hiểm | H16: Hiển thị thông báo yêu cầu chọn Trạng thái | I16: Đạt
... A39: TC-34 | B39: Là Admin/Underwriter/Claim Oficer, tôi muốn quay lại danh sách từ màn hình Tạo/Sửa | C39: Quản lý Công ty Bảo hiểm | D39: Quay lại | E39: Đang ở màn hình Tạo hoặc Sửa | F39: Điều hướng quay lại | G39: 1. Nhấn Quay lại | H39: Quay về màn hình danh sách Công ty Bảo hiểm | I39: Đạt

Sheet BeeOS - Quản lý P&L
B1: Tên chức năng | D1: Quản lý P&L | G1: Tổng TCs | H1: Đạt | I1: Không đạt | J1: Chưa xong
B2: Người tạo | D2: Levi | G2: =COUNTIF(A6:A102,"TC-??") -> 30 | H2: =COUNTIF(I4:I933,"Đạt") -> 30 | I2: =COUNTIF(I4:I933,"Không Đạt") -> 0 | J2: =COUNTIF(G4:G933,"Chưa Xong") -> 0
B3: Ngày Tạo | D3: 45982 | G3: =SUM(H3+I3+J3) -> 1 | H3: =H2/G2 -> 1 | I3: =I2/G2 -> 0 | J3: =J2/G2 -> 0
A5: ID | B5: User Story | C5: Chức năng chính | D5: Chức năng con | E5: Điều kiện tiên quyết | F5: Mô tả | G5: Các bước thực hiện | H5: Kết quả mong đợi | I5: Kết quả thực tế
A6: TC-01 | B6: Là Admin/Underwriter/Claim Oficer, tôi muốn truy cập màn hình Quản lý P&L | C6: Quản lý P&L | D6: Truy cập màn hình | E6: Admin đã đăng nhập | F6: Kiểm tra truy cập màn hình danh sách | G6: 1. Đăng nhập Admin;2. Chọn Quản lý chung;3. Chọn P&L | H6: Hiển thị màn hình Quản lý P&L | I6: Đạt
A7: TC-02 | B7: Là Admin/Underwriter/Claim Oficer, tôi muốn xem danh sách P&L | C7: Quản lý P&L | D7: Xem danh sách | E7: Đang ở màn hình danh sách | F7: Hiển thị dữ liệu P&L | G7: 1. Truy cạp màn hình danh sách | H7: Hiển thị các cột: P&L, Quản lý địa điểm, Trạng thái, Sửa, Xóa | I7: Đạt | J7: https://jira-vnv.vinova.sg/browse/BEEOS-580
A8: TC-03 | B8: Là Admin/Underwriter/Claim Oficer, tôi muốn tìm kiếm P&L | C8: Quản lý P&L | D8: Tìm kiếm | E8: Có dữ liệu P&L | F8: Tìm theo tên P&L | G8: 1. Nhập từ khóa vào ô Tìm kiếm | H8: Danh sách lọc đúng theo tên | I8: Đạt
A9: TC-04 | B9: Là Admin/Underwriter/Claim Oficer, tôi muốn phân trang danh sách | C9: Quản lý P&L | D9: Phân trang | E9: Có nhiều hơn 1 trang | F9: Điều hướng danh sách | G9: 1. Nhấn Trang tiếp / Trang trước | H9: Hiển thị đúng dữ liệu theo trang | I9: Đạt
A10: TC-05 | B10: Là Admin, tôi muốn sắp xếp theo thứ tự tăng dần cho cột P&L | C10: Quản lý P&L | D10: Xem danh sách | E10: Đang ở màn hình danh sách | F10: Sắp xếp tăng dần cho cột P&L | G10: 1. Sắp xếp cột Tên P&L | H10: 1. Hiển thị đúng P&L tăng dần | I10: Đạt
A11: TC-06 | B11: Là Admin, tôi muốn sắp xếp theo thứ tự giảm dần cho cột P&L | C11: Quản lý P&L | D11: Xem danh sách | E11: Đang ở màn hình danh sách | F11: Sắp xếp giảm dần cho cột P&L | G11: 1. Sắp xếp cột P&L | H11: 1. Hiển thị đúng P&L giảm dần | I11: Đạt
A12: TC-07 | B12: Là Admin/Underwriter/Claim Oficer, tôi muốn mở màn hình tạo P&L | C12: Quản lý P&L | D12: Mở form tạo | E12: Đang ở danh sách | F12: Điều hướng tạo mới | G12: 1. Nhấn + Thêm P&L | H12: Mở màn hình Tạo P&L mới và hiển thị UI giống với figma | I12: Đạt | J12: https://jira-vnv.vinova.sg/browse/BEEOS-582
A13: TC-08 | B13: Là Admin/Underwriter/Claim Oficer, tôi muốn tạo P&L hợp lệ | C13: Quản lý P&L | D13: Tạo mới | E13: Đang ở màn hình Tạo | F13: Tạo P&L thành công | G13: 1. Nhập Tên P&L;2. Nhập Ngành nghề kinh doanh; 3. Nhấn Tạo P&L mới | H13: P&L được tạo và hiển thị trong danh sách | I13: Đạt
A14: TC-09 | B14: Là Admin/Underwriter/Claim Oficer, tôi không thể tạo khi thiếu Tên P&L | C14: Quản lý P&L | D14: Validate dữ liệu | E14: Đang ở màn hình Tạo | F14: Kiểm tra bắt buộc | G14: 1. Để trống Tên P&L;2. Nhấn Tạo | H14: Hiển thị thông báo lỗi bắt buộc | I14: Đạt
A15: TC-10 | B15: Là Admin/Underwriter/Claim Oficer, tôi không thể tạo khi nhập trùng tên P&L | C15: Quản lý P&L | D15: Validate dữ liệu | E15: Đang ở màn hình Tạo | F15: Kiểm tra bắt buộc | G15: 1. Nhập tên P&L đã tồn tại trước đó;2. Nhấn Tạo | H15: Hiển thị thông báo tên P&L đã tồn tại | I15: Đạt
A16: TC-11 | B16: Là Admin/Underwriter/Claim Oficer, tôi muốn hủy tạo P&L | C16: Quản lý P&L | D16: Bỏ qua | E16: Đang ở màn hình Tạo | F16: Không lưu dữ liệu | G16: 1. Nhấn Bỏ qua | H16: Quay về danh sách, không tạo P&L | I16: Đạt
A17: TC-12 | B17: Là Admin/Underwriter/Claim Oficer, tôi muốn sửa thông tin P&L | C17: Quản lý P&L | D17: Chỉnh sửa | E17: Có sẵn P&L | F17: Mở form sửa | G17: 1. Nhấn icon Sửa | H17: Mở màn hình Sửa P&L và hiển thị UI giống với figma | I17: Đạt
A18: TC-13 | B18: Là Admin/Underwriter/Claim Oficer, tôi muốn lưu chỉnh sửa P&L | C18: Quản lý P&L | D18: Lưu chỉnh sửa | E18: Đang ở màn hình Sửa | F18: Cập nhật dữ liệu | G18: 1. Thay đổi thông tin;2. Nhấn Lưu chỉnh sửa | H18: Thông tin P&L được cập nhật | I18: Đạt
A19: TC-14 | B19: Là Admin/Underwriter/Claim Oficer, tôi không thể chỉnh sửa khi thiếu Tên P&L | C19: Quản lý P&L | D19: Validate dữ liệu | E19: Đang ở màn hình Sửa | F19: Kiểm tra bắt buộc | G19: 1. Để trống Tên P&L;2. Nhấn Lưu chỉnh sửa | H19: Hiển thị thông báo lỗi bắt buộc | I19: Đạt
A20: TC-15 | B20: Là Admin/Underwriter/Claim Oficer, tôi không thể chỉnh sửa khi nhập trùng tên P&L | C20: Quản lý P&L | D20: Validate dữ liệu | E20: Đang ở màn hình Sửa | F20: Kiểm tra bắt buộc | G20: 1. Nhập tên P&L đã tồn tại trước đó;2. Nhấn Lưu chỉnh sửa | H20: Hiển thị thông báo tên P&L đã tồn tại | I20: Đạt
A21: TC-16 | B21: Là Admin/Ubderwrite/ Claim tôi muốn mở màn hình xóa P&L | C21: Quản lý Công ty Bảo hiểm | D21: Xóa | E21: Đang ở mang hình danh sách | F21: Hiển thị màn hình xóa | G21: 1. Nhấn icon Xóa | H21: Hiển thị màn hình xóa và hiển thị UI giống với figma | I21: Đạt
A22: TC-17 | B22: Là Admin/Underwriter/Claim Oficer, tôi có thể xoa P&L khi địa diểm chưa được dùng | C22: Quản lý Công ty Bảo hiểm | D22: Ràng buộc dữ liệu | E22: Đang ở màn hình xóa | F22: Xóa thành công | G22: 1. Nhấn icon Xóa 2. Nhấn nút Xóa | H22: Hiển thị thông báo Xóa P&L thành công | I22: Đạt
A23: TC-18 | B23: Là Admin/Underwriter/Claim Oficer sẽ chuyển trạng thái khi vào xóa P&L nhưng có địa điểm đã được dùng | C23: Quản lý Công ty Bảo hiểm | D23: Ràng buộc dữ liệu | E23: Đang ở màn hình xóa | F23: Chuyển đổi trạng thái | G23: 1. Nhấn icon Xóa 2. Nhấn nút Xóa | H23: Chuyển đổi trạng thái từ đang hoạt động sang không hoạt động | I23: Đạt
A24: TC-19 | B24: Là Admin/Underwriter/Claim Oficer, tôi muốn truy cập Quản lý địa điểm của P&L | C24: Quản lý P&L | D24: Quản lý địa điểm | E24: Có sẵn P&L | F24: Điều hướng danh sách địa điểm | G24: 1. Nhấn Quản lý địa điểm/ đối tượng BH | H24: Mở màn hình danh sách địa điểm của P&L | I24: Đạt
... A28: TC-23 | B28: Là Admin/Underwriter/Claim Oficer, tôi không thể tạo Địa điểm khi thiếu Tên | C28: Quản lý Địa điểm | D28: Validate | E28: Đang ở màn hình Tạo | F28: Kiểm tra bắt buộc | G28: 1. Để trống Địa điểm/ đối tượng BH;2. Nhấn Tạo | H28: Hiển thị thông báo lỗi | I28: Đạt
A29: TC-24 | B29: Là Admin/Underwriter/Claim Oficer, tôi không thể tạo Địa điểm khi nhập tên địa điểm đã tồn tại | C29: Quản lý Địa điểm | D29: Validate | E29: Đang ở màn hình Tạo | G29: 1. Tạo địa điểm đã tồn tại 2. Nhấn Tạo | H29: Hiển thị thông báo lỗi | I29: Đạt
A30: TC-25 | B30: Là Admin/Underwriter/Claim Oficer, tôi muốn sửa Địa điểm | C30: Quản lý Địa điểm | D30: Chỉnh sửa | E30: Có sẵn địa điểm | F30: Mở form sửa | G30: 1. Nhấn icon Sửa | H30: Mở màn hình Sửa địa điểm | I30: Đạt
A31: TC-26 | B31: Là Admin/Underwriter/Claim Oficer, tôi muốn lưu chỉnh sửa Địa điểm | C31: Quản lý Địa điểm | D31: Lưu chỉnh sửa | E31: Đang ở màn hình Sửa | F31: Cập nhật dữ liệu | G31: 1. Thay đổi thông tin;2. Nhấn Lưu chỉnh sửa | H31: Địa điểm được cập nhật | I31: Đạt
A32: TC-27 | B32: Là Admin/Underwriter/Claim Oficer, tôi không thể chỉnh sửa Địa điểm khi nhập tên địa điểm đã tồn tại | C32: Quản lý Địa điểm | D32: Validate | E32: Đang ở màn hình Sửa | G32: 1. Tạo địa điểm đã tồn tại 2. Nhấn sửa | H32: Hiển thị thông báo lỗi | I32: Đạt
A33: TC-28 | B33: Là Admin/Underwriter/Claim Oficer, tôi muốn xóa Địa điểm | C33: Quản lý Địa điểm | D33: Xóa | E33: Địa điểm chưa được sử dụng | F33: Xóa bản ghi | G33: 1. Nhấn icon Xóa;2. Xác nhận | H33: Địa điểm bị xóa | I33: Đạt
A34: TC-29 | B34: Là Admin/Underwriter/Claim Oficer, khi xóa địa điểm đã được sử dụng sẽ chuyển từ đang hoạt động sang không hoạt động | C34: Quản lý Địa điểm | D34: Ràng buộc | E34: Địa điểm đã gán hồ sơ | F34: Kiểm tra ràng buộc | G34: 1. Nhấn Xóa | H34: Chuyển đổi trạng thái từ đang hoạt động sang không hoạt động | I34: Đạt
A35: TC-30 | B35: Là Admin/Underwriter/Claim Oficer, tôi muốn quay lại danh sách P&L | C35: Quản lý P&L | D35: Quay lại | E35: Đang ở màn hình Địa điểm/Tạo/Sửa | F35: Điều hướng | G35: 1. Nhấn Quay lại | H35: Quay về màn hình danh sách P&L | I35: Đạt

Sheet BeeOS - Quản lý địa điểm
B1: Tên chức năng | D1: Quản lý Địa điểm/ Đối tượng BH | G1: Tổng TCs | H1: Đạt | I1: Không đạt | J1: Chưa xong
B2: Người tạo | D2: Lani | G2: =COUNTIF(A6:A77,"TC-??") -> 23 | H2: =COUNTIF(I4:I934,"Đạt") -> 23 | I2: =COUNTIF(G4:G934,"Không Đạt") -> 0 | J2: =COUNTIF(G4:G934,"Chưa Xong") -> 0
B3: Ngày Tạo | D3: 46057 | G3: =SUM(H3+I3+J3) -> 1 | H3: =H2/G2 -> 1 | I3: =I2/G2 -> 0 | J3: =J2/G2 -> 0
A5: ID | B5: User Story | C5: Chức năng chính | D5: Chức năng con | E5: Điều kiện tiên quyết | F5: Mô tả | G5: Các bước thực hiện | H5: Kết quả mong đợi | I5: Kết quả thực tế
A6: TC-01 | B6: Là Admin/Underwriter/Claim Oficer, tôi muốn truy cập màn hình Quản lý địa điểm/đối tượng BH để quản lý dữ liệu | C6: Quản lý địa điểm/đối tượng BH | D6: Truy cập màn hình | E6: Admin/Underwriter/Claim Oficer đã đăng nhập | F6: Verify truy cập màn hình danh sách | G6: 1. Đăng nhập bằng tài khoản Admin/Underwriter/Claim Oficer2. Vào menu Quản lý địa điểm/đối tượng BH | H6: Hiển thị màn hình danh sách “Quản lý địa điểm/đối tượng BH” | I6: Đạt
A7: TC-02 | B7: Là Admin/Underwriter/Claim Oficer, tôi muốn xem danh sách địa điểm/đối tượng BH | C7: Quản lý địa điểm/đối tượng BH | D7: Xem danh sách | E7: Đang ở màn hình danh sách | F7: Verify hiển thị danh sách và cột | G7: 1. Truy cập màn hình danh sách | H7: 1. Bảng hiển thị dữ liệu2. Có cột Địa điểm/đối tượng BH, P&L và cột thao tác (Sửa/Xóa) | I7: Đạt
A8: TC-03 | B8: Là Admin/Underwriter/Claim Oficer, tôi muốn kiểm tra nút thêm mới để tạo địa điểm/đối tượng BH | C8: Quản lý địa điểm/đối tượng BH | D8: Điều hướng tạo mới | E8: Đang ở màn hình danh sách | F8: Verify nút “+ Thêm địa điểm/đối tượng BH” hoạt động | G8: 1. Tại danh sách, bấm + Thêm địa điểm/đối tượng BH | H8: Điều hướng sang màn hình Thêm địa điểm/đối tượng BH | I8: Đạt
A9: TC-04 | B9: Là Admin/Underwriter/Claim Oficer, tôi muốn tìm kiếm theo từ khóa để lọc nhanh dữ liệu | C9: Quản lý địa điểm/đối tượng BH | D9: Tìm kiếm | E9: Có dữ liệu trong danh sách | F9: Verify tìm kiếm bằng ô “Tìm kiếm” trả đúng kết quả [Applied filtering common rules] | G9: 1. Nhập từ khóa khớp với 1 bản ghi (ví dụ 1 phần tên “SHERATON”)2. Quan sát danh sách sau khi nhập | H9: Danh sách được lọc đúng theo từ khóa; chỉ còn các bản ghi phù hợp | I9: Đạt
A10: TC-05 | B10: Là Admin/Underwriter/Claim Oficer, tôi muốn tìm kiếm không phân biệt HOA/thường để dễ dùng | C10: Quản lý địa điểm/đối tượng BH | D10: Tìm kiếm | E10: Có dữ liệu trong danh sách | F10: Verify tìm kiếm không phân biệt hoa/thường [Applied filtering common rules] | G10: 1. Nhập từ khóa dạng thường (vd: “sheraton”)2. Nhập từ khóa dạng HOA (vd: “SHERATON”) | H10: Kết quả 2 lần tìm kiếm giống nhau | I10: Đạt
A11: TC-06 | B11: Là Admin/Underwriter/Claim Oficer, tôi muốn sắp xếp theo thứ tự tăng dần cho Địa điểm/ Đối tượng BH | C11: Quản lý Công ty Bảo hiểm | D11: Xem danh sách | E11: Đang ở màn hình danh sách | F11: Sắp xếp tăng dần cho cột Địa điểm/ Đối tượng BH | G11: 1. Sắp xếp cột Địa điểm/ Đối tượng BH | H11: 1. Hiển thị đúng Địa điểm/ Đối tượng BH theo danh sách tăng dần | I11: Đạt
A12: TC-07 | B12: Là Admin/Underwriter/Claim Oficer, tôi muốn sắp xếp theo thứ tự giảm dần cho cột Địa điểm/ Đối tượng BH | C12: Quản lý Công ty Bảo hiểm | D12: Xem danh sách | E12: Đang ở màn hình danh sách | F12: Sắp xếp giảm dần cho cột Địa điểm/ Đối tượng BH | G12: 1. Sắp xếp cột Địa điểm/ Đối tượng BH | H12: 1. Hiển thị đúng Địa điểm/ Đối tượng BH theo danh sách giảm dần | I12: Đạt
A13: TC-08 | B13: Là Admin/Underwriter/Claim Oficer, tôi muốn kiểm tra khi danh sách dài thì có cơ chế xem thêm (scroll/paging) | C13: Quản lý địa điểm/đối tượng BH | D13: Phân trang/Scroll | E13: Có nhiều bản ghi (vượt quá 1 màn hình) | F13: Verify hiển thị danh sách dài không vỡ layout | G13: 1. Mở danh sách có nhiều bản ghi2. Scroll xuống cuối danh sách | H13: 1. Scroll mượt, không vỡ UI2. Dữ liệu hiển thị liên tục/đúng trang (tùy cơ chế hệ thống) | I13: Đạt
A14: TC-09 | B14: Là Admin/Underwriter/Claim Oficer, tôi muốn mở màn hình tạo mới để nhập thông tin | C14: Quản lý địa điểm/đối tượng BH | D14: Tạo mới | E14: Đang ở danh sách | F14: Verify màn hình “Thêm địa điểm/đối tượng BH” hiển thị đúng field | G14: 1. Bấm + Thêm địa điểm/đối tượng BH | H14: Hiển thị các field: P&L* (dropdown), Địa điểm/đối tượng BH*, Tên đầy đủ, Địa chỉ; có nút Bỏ qua và Tạo … mới | I14: Đạt
A15: TC-10 | B15: Là Admin/Underwriter/Claim Oficer, tôi muốn tạo mới với dữ liệu hợp lệ | C15: Quản lý địa điểm/đối tượng BH | D15: Tạo mới | E15: Có quyền tạo; P&L có dữ liệu | F15: Verify tạo mới thành công | G15: 1. Chọn P&L hợp lệ2. Nhập Địa điểm/đối tượng BH hợp lệ3. (Optional) Nhập Tên đầy đủ, Địa chỉ4. Bấm Tạo địa điểm/đối tượng BH mới | H15: 1. Tạo thành công, hiển thị thông báo thành công 2. Quay về danh sách và thấy bản ghi mới | I15: Đạt
A16: TC-11 | B16: Là Admin/Underwriter/Claim Oficer, tôi muốn validate bắt buộc chọn P&L | C16: Quản lý địa điểm/đối tượng BH | D16: Tạo mới | E16: Đang ở form tạo mới | F16: Verify required field P&L | G16: 1. Không chọn P&L2. Nhập Địa điểm/đối tượng BH bất kỳ3. Bấm Tạo… | H16: Hiển thị cảnh báo required cho P&L; không tạo mới | I16: Đạt
... A28: TC-23 | B28: Là Admin/Underwriter/Claim Oficer, tôi muốn hệ thống chặn xóa nếu bản ghi đang được sử dụng (nếu có ràng buộc) | C28: Quản lý địa điểm/đối tượng BH | D28: Xóa | E28: Bản ghi đang được tham chiếu ở nơi khác | F28: Verify không cho xóa khi có ràng buộc | G28: 1. Chọn bản ghi đang được sử dụng 2. Thực hiện xóa | H28: Hệ thống chặn xóa; bản ghi vẫn còn | I28: Đạt

Sheet BeeOS - Tài khoản
B1: Tên chức năng | D1: Quản lý Địa điểm/ Đối tượng BH | G1: Tổng TCs | H1: Đạt | I1: Không đạt | J1: Chưa xong
B2: Người tạo | D2: Lani | G2: =COUNTIF(A6:A56,"TC-??") -> 24 | H2: =COUNTIF(I4:I913,"Đạt") -> 24 | I2: =COUNTIF(G4:G913,"Không Đạt") -> 0 | J2: =COUNTIF(G4:G913,"Chưa Xong") -> 0
B3: Ngày Tạo | D3: 46057 | G3: =SUM(H3+I3+J3) -> 1 | H3: =H2/G2 -> 1 | I3: =I2/G2 -> 0 | J3: =J2/G2 -> 0
A5: ID | B5: User Story | C5: Chức năng chính | D5: Chức năng con | E5: Điều kiện tiên quyết | F5: Mô tả | G5: Các bước thực hiện | H5: Kết quả mong đợi | I5: Kết quả thực tế
A6: TC-01 | B6: Là Admin, tôi muốn truy cập màn hình Quản lý tài khoản | C6: Quản lý Tài khoản | D6: Truy cập màn hình | E6: Admin đã đăng nhập | F6: Verify truy cập màn hình danh sách | G6: 1. Đăng nhập bằng tài khoản Admin2. Vào menu Quản lý Tài khoản | H6: Hiển thị màn hình “Quản lý Tài khoản” | I6: Đạt
A7: TC-02 | B7: Là Admin, tôi muốn xem danh sách tài khoản | C7: Quản lý Tài khoản | D7: Xem danh sách | E7: Đang ở màn hình Quản lý Tài khoản | F7: Verify hiển thị danh sách & cột | G7: 1. Truy cập màn hình danh sách | H7: Hiển thị bảng có các cột: Tên người dùng, Vai trò, Email, Ngày tạo, Đăng nhập lần cuối, Trạng thái, và cột thao tác (Sửa/Xóa) | I7: Đạt
A8: TC-03 | B8: Là Admin, tôi muốn mở form tạo tài khoản mới | C8: Quản lý Tài khoản | D8: Điều hướng tạo | E8: Đang ở danh sách | F8: Verify nút “+ Thêm tài khoản” | G8: 1. Bấm + Thêm tài khoản | H8: Điều hướng sang màn hình Tạo tài khoản | I8: Đạt
A9: TC-04 | B9: Là Admin, tôi muốn tìm kiếm tài khoản theo từ khóa | C9: Quản lý Tài khoản | D9: Tìm kiếm | E9: Có dữ liệu danh sách | F9: Verify tìm kiếm bằng ô “Tìm kiếm” [Applied filtering common rules] | G9: 1. Nhập từ khóa theo Tên người dùng 2. Nhấn Enter 3. Quan sát danh sách | H9: Danh sách lọc đúng theo từ khóa; hiển thị các bản ghi phù hợp | I9: Đạt
A10: TC-05 | B10: Là Admin, tôi muốn sắp xếp theo thứ tự tăng dần và giảm dần cho cột Tên người dùng | C10: Quản lý Tài khoản | D10: Xem danh sách | E10: Đang ở màn hình danh sách | F10: Sắp xếp tăng dần và giảm dần cho cột Tên người dùng | G10: 1. Sắp xếp cột Tên người dùng tăng dần 2. Sắp xếp cột tên người dùng giảm dần | H10: 1. Hiển thị đúng Tên người dùng tăng dần 2. Hiển thị đúng Tên người dùng giảm dần dần | I10: Đạt
A11: TC-06 | B11: Là Admin, tôi muốn sắp xếp theo thứ tự tăng dần và giảm dần cho cột Vai trò | C11: Quản lý Tài khoản | D11: Xem danh sách | E11: Đang ở màn hình danh sách | F11: Sắp xếp tăng dần và giảm dần cho cột Vai trò | G11: 1. Sắp xếp cột Vai trò tăng dần 2. Sắp xếp cột Vai trò giảm dần | H11: 1. Hiển thị đúng Vai trò tăng dần 2. Hiển thị đúng Vai trò giảm dần | I11: Đạt
A12: TC-07 | B12: Là Admin, tôi muốn sắp xếp theo thứ tự tăng dần và giảm dần cho cột trạng thái | C12: Quản lý Tài khoản | D12: Xem danh sách | E12: Đang ở màn hình danh sách | F12: Sắp xếp tăng dần và giảm dần cho cột Trạng thái | G12: 1. Sắp xếp cột Trạng thái tăng dần 2. Sắp xếp cột Trạng thái giảm dần | H12: 1. Hiển thị đúng Trạng thái tăng dần 2. Hiển thị đúng Trạng thái giảm dần | I12: Đạt
A13: TC-08 | B13: Là Admin, tôi muốn tạo tài khoản mới với dữ liệu hợp lệ | C13: Quản lý Tài khoản | D13: Tạo mới | E13: Admin có quyền tạo | F13: Verify tạo tài khoản thành công | G13: 1. Bấm + Thêm tài khoản2. Nhập Tên người dùng*3. Chọn Vai trò*4. Nhập Email* hợp lệ5. (Optional) Nhập Số điện thoại6. Nhập Mật khẩu* theo rule7. Chọn Trạng thái*8. Bấm Tạo tài khoản mới | H13: 1. Tạo thành công, có thông báo 2. Quay về danh sách và thấy user mới với đúng Vai trò/Email/Trạng thái | I13: Đạt
A14: TC-09 | B14: Là Admin, tôi muốn validate bắt buộc của các field khi tạo | C14: Quản lý Tài khoản | D14: Tạo mới | E14: Đang ở form tạo | F14: Verify required field | G14: 1. Để trống từng field bắt buộc (Tên người dùng/Vai trò/Email/Mật khẩu/Trạng thái)2. Bấm Tạo tài khoản mới | H14: Hiển thị lỗi required tại field tương ứng; không tạo tài khoản | I14: Đạt
A15: TC-10 | B15: Là Admin, tôi muốn validate định dạng Email | C15: Quản lý Tài khoản | D15: Tạo mới | E15: Đang ở form tạo | F15: Verify email invalid | G15: 1. Nhập Email sai định dạng (vd: | H15: Hiển thị lỗi định dạng Email; không tạo | I15: Đạt
A16: TC-11 | B16: Là Admin, tôi muốn không tạo được email trùng | C16: Quản lý Tài khoản | D16: Tạo mới | E16: Đã tồn tại tài khoản với email X | F16: Verify unique email | G16: 1. Nhập Email đã tồn tại trong hệ thống2. Bấm Tạo tài khoản mới | H16: Hệ thống báo trùng Email; không tạo | I16: Đạt
... A29: TC-24 | B29: Là Admin, tôi muốn kiểm tra format ngày/giờ hiển thị | C29: Quản lý Tài khoản | D29: Hiển thị dữ liệu | E29: Có dữ liệu ngày tạo/đăng nhập | F29: Verify format datetime | G29: 1. Mở danh sách2. So sánh format cột Ngày tạo và Đăng nhập lần cuối | H29: Hiển thị đúng định dạng (vd: HH:mm dd/MM/yyyy như trên UI) và nhất quán | I29: Đạt

Sheet BeeOS - Cài đặt chế độ bảo trì
B1: Tên chức năng | D1: Cài đặt chế độ bảo trì | G1: Tổng TCs | H1: Đạt | I1: Không đạt | J1: Chưa xong
B2: Người tạo | D2: Levi | G2: =COUNTIF(A6:A69,"TC-??") -> 8 | H2: =COUNTIF(I4:I844,"Đạt") -> 8 | I2: =COUNTIF(G4:G926,"Không Đạt") -> 0 | J2: =COUNTIF(G4:G926,"Chưa Xong") -> 0
B3: Ngày Tạo | D3: 45982 | G3: =SUM(H3+I3+J3) -> 1 | H3: =H2/G2 -> 1 | I3: =I2/G2 -> 0 | J3: =J2/G2 -> 0
A5: ID | B5: Mô tả User Story | C5: Chức năng chính | D5: Chức năng con | E5: Điều kiện tiên quyết | F5: Mô tả | G5: Các bước thực hiện | H5: Kết quả mong đợi | I5: Kết quả thực tế
A6: TC-01 | B6: Là Admin, tôi muốn xem danh sách tác vụ tự động để theo dõi trạng thái chạy của các tác vụ | C6: Cài đặt | D6: Xem danh sách | E6: Admin đã đăng nhập | F6: Kiểm tra Admin xem được danh sách tác vụ tự động | G6: 1. Đăng nhập bằng tài khoản Admin 2. Chọn Danh sách tác vụ tự động | H6: Hệ thống hiển thị danh sách các tác vụ tự động đang chạy | I6: Đạt
A7: TC-02 | B7: Là Admin, tôi muốn bật một tác vụ tự động để hệ thống tự chạy theo lịch | C7: Cài đặt | D7: Bật tác vụ | E7: Admin đã đăng nhập và đang ở trang Danh sách tác vụ | F7: Kiểm tra bật tác vụ tự động | G7: 1. Vào Danh sách tác vụ tự động 2. Gạt công tắc từ Tắt sang Bật | H7: Hệ thống chuyển tác vụ sang trạng thái Bật; Tác vụ bắt đầu chạy theo lịch định sẵn | I7: Đạt
A8: TC-03 | B8: Là Admin, tôi muốn tắt một tác vụ tự động để tác vụ dừng chạy | C8: Cài đặt | D8: Tắt tác vụ | E8: Admin đã đăng nhập và có tác vụ đang bật | F8: Kiểm tra tắt tác vụ tự động | G8: 1. Vào Danh sách tác vụ tự động 2. Gạt công tắc từ Bật sang Tắt | H8: Hệ thống chuyển tác vụ về trạng thái Tắt; Tác vụ ngừng hoạt động theo lịch | I8: Đạt
A9: TC-04 | B9: Là Admin, tôi muốn bật chế độ bảo trì để tạm dừng toàn bộ hệ thống | C9: Cài đặt | D9: Bật chế độ bảo trì | E9: Admin đã đăng nhập và ở trang danh sách tác vụ | F9: Kiểm tra bật chế độ bảo trì | G9: 1. Gạt công tắc chế độ bảo trì sang Bật | H9: Hệ thống bật chế độ bảo trì; Hiển thị thông báo bảo trì; Chặn Admin sử dụng hệ thống nếu bảo trì bật | I9: Đạt
A10: TC-05 | B10: Là Admin, tôi muốn tắt chế độ bảo trì để hệ thống hoạt động lại bình thường | C10: Cài đặt | D10: Tắt chế độ bảo trì | E10: Chế độ bảo trì đang bật | F10: Kiểm tra tắt chế độ bảo trì | G10: 1. Gạt công tắc chế độ bảo trì sang Tắt | H10: Hệ thống tắt chế độ bảo trì; Cho phép Admin sử dụng hệ thống bình thường | I10: Đạt
A11: TC-06 | B11: Là Admin, tôi muốn chạy thủ công một tác vụ khi cần xử lý ngay | C11: Cài đặt | D11: Chạy thủ công | E11: Admin đã đăng nhập và đang ở trang danh sách tác vụ | F11: Kiểm tra chạy thủ công tác vụ tự động | G11: 1. Chọn tác vụ cần chạy 2. Nhấn nút Chạy thủ công | H11: Hệ thống thực thi ngay tác vụ; Hiển thị trạng thái chạy hoặc kết quả chạy tác vụ | I11: Đạt
A12: TC-07 | B12: Là Admin, tôi muốn nhận thông báo lỗi nếu chạy tác vụ thủ công thất bại | C12: Cài đặt | D12: Chạy thủ công | E12: Backend trả lỗi khi chạy thủ công | F12: Kiểm tra xử lý lỗi khi chạy thủ công | G12: 1. Nhấn Chạy thủ công 2. Backend trả lỗi | H12: Hệ thống hiển thị thông báo lỗi; Không cập nhật thời gian chạy mới | I12: Đạt
A13: TC-08 | B13: Là Admin, tôi muốn nhận thông báo lỗi nếu bật hoặc tắt tác vụ thất bại | C13: Cài đặt | D13: Bật/Tắt tác vụ | E13: Backend gặp lỗi khi đổi trạng thái | F13: Kiểm tra xử lý lỗi bật/tắt tác vụ | G13: 1. Gạt công tắc Bật/Tắt 2. Backend trả lỗi | H13: Hệ thống hiển thị thông báo lỗi; Giữ nguyên trạng thái tác vụ ban đầu | I13: Đạt

Sheet BeeOS - Cài đặt thông báo
B1: Tên chức năng | D1: Cài đặt thông báo | G1: Tổng TCs | H1: Đạt | I1: Không đạt | J1: Chưa xong
B2: Người tạo | D2: Levi | G2: =COUNTIF(A6:A68,"TC-??") -> 8 | H2: =COUNTIF(I4:I844,"Đạt") -> 8 | I2: =COUNTIF(G4:G925,"Không Đạt") -> 0 | J2: =COUNTIF(G4:G925,"Chưa Xong") -> 0
B3: Ngày Tạo | D3: 45982 | G3: =SUM(H3+I3+J3) -> 1 | H3: =H2/G2 -> 1 | I3: =I2/G2 -> 0 | J3: =J2/G2 -> 0
A5: ID | B5: Mô tả User Story | C5: Chức năng chính | D5: Chức năng con | E5: Điều kiện tiên quyết | F5: Mô tả | G5: Các bước thực hiện | H5: Kết quả mong đợi | I5: Kết quả thực tế
A6: TC-01 | B6: Là Claim Officer, tôi muốn xem danh sách các thông báo tự động để quản lý | C6: Cài đặt thông báo | D6: Xem danh sách thông báo | E6: Claim Officer đã đăng nhập vào hệ thống | F6: Kiểm tra hiển thị danh sách thông báo tự động | G6: 1. Đăng nhập bằng tài khoản Claim Officer 2. Chọn menu Cài đặt thông báo | H6: Hệ thống hiển thị danh sách các thông báo tự động; Hiển thị đầy đủ các cột theo thiết kế (Tên thông báo, Trạng thái, Mô tả, Người nhận,…) | I6: Đạt
A7: TC-02 | B7: Là Claim Officer, tôi muốn bật một thông báo đang bị tắt | C7: Cài đặt thông báo | D7: Bật thông báo | E7: Claim Officer đã đăng nhập và đang ở màn hình Cài đặt thông báo | F7: Kiểm tra bật thông báo thành công | G7: 1. Vào Cài đặt thông báo 2. Tìm thông báo có trạng thái Tắt 3. Gạt công tắc Bật/Tắt sang Bật | H7: Hệ thống cập nhật trạng thái thông báo sang Bật; Hiển thị trạng thái mới trên giao diện | I7: Đạt
A8: TC-03 | B8: Là Claim Officer, tôi muốn tắt thông báo đang hoạt động | C8: Cài đặt thông báo | D8: Tắt thông báo | E8: Claim Officer đã đăng nhập và đang ở màn hình danh sách thông báo | F8: Kiểm tra tắt thông báo thành công | G8: 1. Vào Cài đặt thông báo 2. Tìm thông báo đang ở trạng thái Bật 3. Gạt công tắc Bật/Tắt sang Tắt | H8: Hệ thống cập nhật trạng thái thông báo sang Tắt; Thông báo sẽ không còn hoạt động | I8: Đạt
A9: TC-04 | B9: Là Claim Officer, tôi muốn nhận thông báo lỗi nếu bật/tắt thông báo thất bại do lỗi hệ thống | C9: Cài đặt thông báo | D9: Bật/Tắt thông báo | E9: Backend trả lỗi khi cập nhật trạng thái thông báo | F9: Kiểm tra xử lý lỗi khi bật/tắt thông báo | G9: 1. Gạt công tắc Bật/Tắt thông báo 2. Backend trả lỗi (giả lập) | H9: Hệ thống hiển thị thông báo lỗi; Trạng thái thông báo không thay đổi | I9: Đạt
A10: TC-05 | B10: Là Underwriter, tôi muốn xem danh sách thông báo tự động để phục vụ việc thẩm định | C10: Cài đặt thông báo | D10: Xem danh sách thông báo | E10: Underwriter đã đăng nhập | F10: Kiểm tra Underwriter xem được danh sách thông báo | G10: 1. Đăng nhập Underwriter 2. Chọn menu Cài đặt thông báo | H10: Hệ thống hiển thị danh sách các thông báo tự động đang chạy | I10: Đạt
A11: TC-06 | B11: Là Underwriter, tôi muốn bật thông báo tự động để nhận cảnh báo cần thiết | C11: Cài đặt thông báo | D11: Bật thông báo | E11: Underwriter đã đăng nhập và danh sách thông báo khả dụng | F11: Kiểm tra bật thông báo thành công | G11: 1. Vào Cài đặt thông báo 2. Gạt công tắc Bật/Tắt của thông báo cần bật | H11: Hệ thống bật thông báo thành công; Hiển thị trạng thái là Bật | I11: Đạt
A12: TC-07 | B12: Là Underwriter, tôi muốn tắt thông báo tự động không cần thiết | C12: Cài đặt thông báo | D12: Tắt thông báo | E12: Underwriter đã đăng nhập và thông báo đang bật | F12: Kiểm tra tắt thông báo thành công | G12: 1. Chọn thông báo 2. Gạt công tắc sang Tắt | H12: Hệ thống tắt thông báo; Không gửi thông báo nữa | I12: Đạt
A13: TC-08 | B13: Là Underwriter, tôi muốn nhận thông báo nếu bật/tắt thông báo bị lỗi | C13: Cài đặt thông báo | D13: Bật/Tắt thông báo | E13: Backend trả lỗi khi cập nhật trạng thái | F13: Kiểm tra xử lý lỗi backend | G13: 1. Gạt công tắc bật/tắt thông báo 2. Backend trả lỗi (giả lập) | H13: Hệ thống hiển thị thông báo lỗi; Trạng thái hiển thị không thay đổi | I13: Đạt

Sheet BeeOS - Quản lý HĐBH(B1)
B1: Tên chức năng | D1: Quản lý HĐBH (B1) | G1: Tổng TCs | H1: Đạt | I1: Không đạt | J1: Chưa xong
B2: Người tạo | D2: Levi | G2: =COUNTIF(A6:A60,"TC-??") -> 16 | H2: =COUNTIF(I4:I844,"Đạt") -> 16 | I2: =COUNTIF(G4:G917,"Không Đạt") -> 0 | J2: =COUNTIF(G4:G917,"Chưa Xong") -> 0
B3: Ngày Tạo | D3: 45982 | G3: =SUM(H3+I3+J3) -> 1 | H3: =H2/G2 -> 1 | I3: =I2/G2 -> 0 | J3: =J2/G2 -> 0
A5: ID | B5: Mô tả User Story | C5: Chức năng chính | D5: Chức năng con | E5: Điều kiện tiên quyết | F5: Mô tả | G5: Các bước thực hiện | H5: Kết quả mong đợi | I5: Kết quả thực tế
A6: TC-01 | B6: Là Underwriter, tôi muốn truy cập chức năng Tạo hồ sơ bảo hiểm để bắt đầu quy trình cấp đơn | C6: Cấp đơn | D6: Truy cập tạo hồ sơ | E6: Đã đăng nhập hệ thống với role Underwriter | F6: Kiểm tra truy cập Bước 1 từ menu | G6: 1. Đăng nhập hệ thống 2. Chọn menu Cấp đơn 3. Chọn Tạo hồ sơ bảo hiểm | H6: Hệ thống hiển thị màn hình Tạo hồ sơ bảo hiểm – Bước 1: Thông tin cơ bản | I6: Đạt
A7: TC-02 | B7: Là Underwriter, tôi muốn chọn Loại hình bảo hiểm để xác định phạm vi bảo hiểm | C7: Cấp đơn | D7: Chọn loại hình bảo hiểm | E7: Đang ở màn hình Bước 1 | F7: Kiểm tra chọn Loại hình bảo hiểm | G7: 1. Nhấn dropdown Loại hình bảo hiểm 2. Chọn một loại hình trong danh sách | H7: Hệ thống ghi nhận loại hình bảo hiểm đã chọn | I7: Đạt
A8: TC-03 | B8: Là Underwriter, tôi không thể tiếp tục nếu chưa chọn Loại hình bảo hiểm | C8: Cấp đơn | D8: Validation bắt buộc | E8: Đang ở màn hình Bước 1 | F8: Kiểm tra validation Loại hình bảo hiểm | G8: 1. Không chọn Loại hình bảo hiểm 2. Nhấn Tiếp theo | H8: Hệ thống hiển thị lỗi bắt buộc tại trường Loại hình bảo hiểm | I8: Đạt
A9: TC-04 | B9: Là Underwriter, tôi muốn chọn Địa điểm áp dụng cho hồ sơ bảo hiểm | C9: Cấp đơn | D9: Chọn địa điểm | E9: Đang ở màn hình Bước 1 | F9: Kiểm tra chọn Địa điểm | G9: 1. Nhấn dropdown Địa điểm 2. Chọn một địa điểm | H9: Hệ thống ghi nhận địa điểm đã chọn | I9: Đạt
A10: TC-05 | B10: Là Underwriter, tôi muốn tạo mới Địa điểm nếu không tìm thấy trong danh sách | C10: Cấp đơn | D10: Tạo mới địa điểm | E10: Không có địa điểm phù hợp trong danh sách | F10: Kiểm tra tạo mới Địa điểm | G10: 1. Nhập từ khóa tìm địa điểm 2. Không có kết quả 3. Nhấn Tạo mới | H10: Hệ thống mở màn hình tạo mới Địa điểm | I10: Đạt
A11: TC-06 | B11: Là Underwriter, tôi muốn chọn Loại hợp đồng phù hợp | C11: Cấp đơn | D11: Chọn loại hợp đồng | E11: Đang ở màn hình Bước 1 | F11: Kiểm tra chọn loại hợp đồng | G11: 1. Chọn Cấp mới / Tái tục / Phụ lục | H11: Hệ thống ghi nhận đúng loại hợp đồng đã chọn | I11: Đạt
A12: TC-07 | B12: Là Underwriter, tôi muốn nhập Người được bảo hiểm cho hồ sơ | C12: Cấp đơn | D12: Nhập Người được bảo hiểm | E12: Đang ở màn hình Bước 1 | F12: Kiểm tra nhập Người được bảo hiểm | G12: 1. Nhập tên Công ty/Pháp nhân vào ô Người được bảo hiểm | H12: Hệ thống ghi nhận giá trị đã nhập | I12: Đạt
A13: TC-08 | B13: Là Underwriter, tôi muốn tạo mới Người được bảo hiểm nếu chưa tồn tại | C13: Cấp đơn | D13: Tạo mới NĐBH | E13: Người được bảo hiểm chưa tồn tại | F13: Kiểm tra tạo mới Người được bảo hiểm | G13: 1. Nhập tên NĐBH không tồn tại 2. Chọn Tạo mới | H13: Hệ thống mở màn hình tạo mới Người được bảo hiểm | I13: Đạt
A14: TC-09 | B14: Là Underwriter, tôi muốn sử dụng nội dung mặc định cho Thông tin bổ sung NĐBH | C14: Cấp đơn | D14: Hiển thị mặc định | E14: Đang ở màn hình Bước 1 | F14: Kiểm tra nội dung mặc định | G14: 1. Quan sát trường Thông tin bổ sung | H14: Hiển thị đúng nội dung mặc định theo thiết kế | I14: Đạt
A15: TC-10 | B15: Là Underwriter, tôi muốn nhập Ngành nghề kinh doanh để mô tả hoạt động của NĐBH | C15: Cấp đơn | D15: Nhập ngành nghề | E15: Đang ở màn hình Bước 1 | F15: Kiểm tra nhập Ngành nghề kinh doanh | G15: 1. Nhập nội dung vào ô Ngành nghề kinh doanh | H15: Hệ thống ghi nhận nội dung; Không báo lỗi | I15: Đạt
A16: TC-11 | B16: Là Underwriter, tôi không thể tiếp tục nếu chưa nhập Ngành nghề kinh doanh | C16: Cấp đơn | D16: Validation bắt buộc | E16: Đang ở màn hình Bước 1 | F16: Kiểm tra validation ngành nghề | G16: 1. Để trống Ngành nghề kinh doanh 2. Nhấn Tiếp theo | H16: Hệ thống hiển thị lỗi bắt buộc | I16: Đạt
... A21: TC-16 | B21: Là Underwriter, tôi muốn chuyển sang Bước 2 sau khi nhập hợp lệ | C21: Cấp đơn | D21: Chuyển bước | E21: Tất cả trường bắt buộc hợp lệ | F21: Kiểm tra chuyển bước | G21: 1. Nhập đầy đủ thông tin hợp lệ 2. Nhấn Tiếp theo | H21: Hệ thống chuyển sang Bước 2 – Điều khoản bổ sung | I21: Đạt

Sheet BeeOS - Quản lý HĐBH(B2)
B1: Tên chức năng | D1: Quản lý HĐBH (B2) | G1: Tổng TCs | H1: Đạt | I1: Không đạt | J1: Chưa xong
B2: Người tạo | D2: Levi | G2: =COUNTIF(A6:A57,"TC-??") -> 10 | H2: =COUNTIF(I4:I844,"Đạt") -> 10 | I2: =COUNTIF(G4:G914,"Không Đạt") -> 0 | J2: =COUNTIF(G4:G914,"Chưa Xong") -> 0
B3: Ngày Tạo | D3: 45982 | G3: =SUM(H3+I3+J3) -> 1 | H3: =H2/G2 -> 1 | I3: =I2/G2 -> 0 | J3: =J2/G2 -> 0
A5: ID | B5: Mô tả User Story | C5: Chức năng chính | D5: Chức năng con | E5: Điều kiện tiên quyết | F5: Mô tả | G5: Các bước thực hiện | H5: Kết quả mong đợi | I5: Kết quả thực tế
A6: TC-01 | B6: Là Underwriter, tôi muốn truy cập Bước 2 để cấu hình điều khoản bổ sung | C6: Tạo hồ sơ BH | D6: Truy cập bước | E6: Đã hoàn thành Bước 1 hợp lệ | F6: Kiểm tra điều hướng sang Bước 2 | G6: 1. Ở Bước 1 nhập đầy đủ thông tin 2. Nhấn Tiếp theo | H6: Hệ thống chuyển sang Bước 2 và hiển thị tiêu đề Điều khoản bổ sung | I6: Đạt
A7: TC-02 | B7: Là Underwriter, tôi muốn chọn bộ điều khoản bổ sung từ danh sách | C7: Điều khoản bổ sung | D7: Chọn bộ điều khoản | E7: Loại hình BH cho phép chọn điều khoản | F7: Kiểm tra chọn bộ điều khoản | G7: 1. Nhấn dropdown Bộ điều khoản bổ sung 2. Chọn một bộ điều khoản | H7: Danh sách điều khoản tương ứng được hiển thị bên dưới | I7: Đạt
A8: TC-03 | B8: Là Underwriter, tôi muốn hệ thống auto-fill điều khoản từ hợp đồng cũ | C8: Điều khoản bổ sung | D8: Auto-fill | E8: Có hợp đồng năm trước phù hợp | F8: Kiểm tra tự động điền | G8: 1. Chọn bộ điều khoản 2. Quan sát danh sách điều khoản | H8: Điều khoản được auto-fill đúng theo hợp đồng cũ | I8: Đạt
A9: TC-04 | B9: Là Underwriter, tôi muốn chỉnh sửa chi tiết từng điều khoản | C9: Điều khoản bổ sung | D9: Nhập chi tiết | E9: Đã có danh sách điều khoản | F9: Kiểm tra nhập chi tiết | G9: 1. Nhập nội dung tại cột Chi tiết 2. Lưu tạm thời | H9: Nội dung được cập nhật và hiển thị đầy đủ | I9: Đạt
A10: TC-05 | B10: Là Underwriter, tôi muốn kiểm tra validate khi bỏ trống chi tiết | C10: Điều khoản bổ sung | D10: Validate dữ liệu | E10: Điều khoản yêu cầu nhập chi tiết | F10: Kiểm tra dữ liệu bắt buộc | G10: 1. Xoá nội dung chi tiết 2. Nhấn Tiếp theo | H10: Hiển thị lỗi, không cho sang bước tiếp | I10: Đạt
A11: TC-06 | B11: Là Underwriter, tôi muốn sắp xếp lại thứ tự điều khoản | C11: Điều khoản bổ sung | D11: Drag & Drop | E11: Có ≥ 2 điều khoản | F11: Kiểm tra kéo thả | G11: 1. Giữ icon kéo thả 2. Kéo điều khoản sang vị trí khác | H11: Thứ tự điều khoản và STT được cập nhật đúng | I11: Đạt
A12: TC-07 | B12: Là Underwriter, tôi muốn thêm điều khoản thủ công | C12: Điều khoản bổ sung | D12: Thêm điều khoản | E12: Đang ở Bước 2 | F12: Kiểm tra thêm mới | G12: 1. Nhấn + Thêm điều khoản 2. Nhập thông tin | H12: Thêm dòng điều khoản mới thành công | I12: Đạt
A13: TC-08 | B13: Là Underwriter, tôi muốn xoá điều khoản không cần thiết | C13: Điều khoản bổ sung | D13: Xoá điều khoản | E13: Có điều khoản trong danh sách | F13: Kiểm tra xoá | G13: 1. Hover vào điều khoản 2. Nhấn icon thùng rác | H13: Điều khoản bị xoá, STT cập nhật liền mạch | I13: Đạt
A14: TC-09 | B14: Là Underwriter, tôi muốn quay lại Bước 1 để chỉnh sửa | C14: Điều hướng | D14: Quay lại | E14: Đang ở Bước 2 | F14: Kiểm tra nút Quay lại | G14: 1. Nhấn Quay lại | H14: Hệ thống quay về Bước 1 và giữ nguyên dữ liệu | I14: Đạt
A15: TC-10 | B15: Là Underwriter, tôi muốn sang Bước 3 sau khi hoàn tất | C15: Điều hướng | D15: Tiếp theo | E15: Dữ liệu hợp lệ | F15: Kiểm tra chuyển bước | G15: 1. Nhấn Tiếp theo | H15: Hệ thống lưu dữ liệu Bước 2 và chuyển sang Bước 3 | I15: Đạt

Sheet BeeOS - Quản lý HĐBH(B3)
B1: Tên chức năng | D1: Quản lý HĐBH (B3) | G1: Tổng TCs | H1: Đạt | I1: Không đạt | J1: Chưa xong
B2: Người tạo | D2: Levi | G2: =COUNTIF(A6:A51,"TC-??") -> 10 | H2: =COUNTIF(I4:I908,"Đạt") -> 10 | I2: =COUNTIF(G4:G908,"Không Đạt") -> 0 | J2: =COUNTIF(G4:G908,"Chưa Xong") -> 0
B3: Ngày Tạo | D3: 45982 | G3: =SUM(H3+I3+J3) -> 1 | H3: =H2/G2 -> 1 | I3: =I2/G2 -> 0 | J3: =J2/G2 -> 0
A5: ID | B5: User Story | C5: Chức năng chính | D5: Chức năng con | E5: Điều kiện tiên quyết | F5: Mô tả | G5: Các bước thực hiện | H5: Kết quả mong đợi | I5: Kết quả thực tế
A6: TC-01 | B6: Là Underwriter, tôi muốn truy cập Bước 3 để nhập mức khấu trừ | C6: Tạo hồ sơ bảo hiểm | D6: Truy cập bước Mức khấu trừ | E6: Đã hoàn thành hợp lệ Bước 1 và Bước 2 | F6: Kiểm tra điều hướng sang Bước 3 | G6: 1. Hoàn thành Bước 2 2. Nhấn nút Tiếp theo | H6: Hệ thống chuyển sang Bước 3Tiêu đề hiển thị Mức khấu trừ | I6: Đạt
A7: TC-02 | B7: Là Underwriter, tôi muốn hệ thống hiển thị đúng danh sách mức khấu trừ mặc định | C7: Mức khấu trừ | D7: Hiển thị danh sách | E7: Có phạm vi bảo hiểm “Mọi rủi ro tài sản” | F7: Kiểm tra danh sách mức khấu trừ mặc định | G7: 1. Truy cập Bước 3 | H7: Hiển thị đầy đủ các loại rủi ro theo cấu hình hệ thống | I7: Đạt
A8: TC-03 | B8: Là Underwriter, tôi muốn nhập mức khấu trừ cho từng loại rủi ro | C8: Mức khấu trừ | D8: Nhập giá trị | E8: Đang ở Bước 3 | F8: Kiểm tra nhập số tiền khấu trừ | G8: 1. Nhập số tiền vào ô mức khấu trừ 2. Click ra ngoài ô | H8: Giá trị được lưu đúngChỉ cho phép nhập số | I8: Đạt
A9: TC-04 | B9: Là Underwriter, tôi muốn không nhập được ký tự không hợp lệ | C9: Mức khấu trừ | D9: Validation dữ liệu | E9: Đang ở Bước 3 | F9: Kiểm tra validate dữ liệu | G9: 1. Nhập chữ/ký tự đặc biệt vào ô mức khấu trừ | H9: Hệ thống không cho nhập hoặc hiển thị lỗi | I9: Đạt
A10: TC-05 | B10: Là Underwriter, tôi muốn sắp xếp lại thứ tự mức khấu trừ | C10: Mức khấu trừ | D10: Kéo thả sắp xếp | E10: Có ≥ 2 dòng mức khấu trừ | F10: Kiểm tra kéo thả thứ tự | G10: 1. Giữ biểu tượng kéo thả2. Kéo lên/xuống dòng khác | H10: Thứ tự hiển thị thay đổiSTT cập nhật đúng | I10: Đạt
A11: TC-06 | B11: Là Underwriter, tôi muốn thêm mức khấu trừ mới | C11: Mức khấu trừ | D11: Thêm điều khoản | E11: Đang ở Bước 3 | F11: Kiểm tra thêm dòng mới | G11: 1. Nhấn + Thêm điều khoản | H11: Hệ thống thêm 1 dòng mức khấu trừ mới trống | I11: Đạt
A12: TC-07 | B12: Là Underwriter, tôi muốn xoá mức khấu trừ không cần thiết | C12: Mức khấu trừ | D12: Xoá điều khoản | E12: Có mức khấu trừ trong danh sách | F12: Kiểm tra xoá dòng | G12: 1. Hover vào dòng 2. Nhấn icon thùng rác | H12: Dòng bị xoáDanh sách tự cập nhật | I12: Đạt
A13: TC-08 | B13: Là Underwriter, tôi muốn quay lại Bước 2 | C13: Mức khấu trừ | D13: Quay lại | E13: Đang ở Bước 3 | F13: Kiểm tra nút Quay lại | G13: 1. Nhấn nút Quay lại | H13: Quay về Bước 2Dữ liệu Bước 2 được giữ nguyên | I13: Đạt
A14: TC-09 | B14: Là Underwriter, tôi muốn chuyển sang Bước 4 | C14: Mức khấu trừ | D14: Tiếp theo | E14: Đã nhập đầy đủ mức khấu trừ hợp lệ | F14: Kiểm tra chuyển bước | G14: 1. Nhấn Tiếp theo | H14: Hệ thống chuyển sang Bước 4 | I14: Đạt
A15: TC-10 | B15: Là Underwriter, tôi không muốn tiếp tục khi thiếu dữ liệu bắt buộc | C15: Mức khấu trừ | D15: Validation bắt buộc | E15: Có ô mức khấu trừ chưa nhập | F15: Kiểm tra validate khi tiếp tục | G15: 1. Để trống mức khấu trừ bắt buộc 2. Nhấn Tiếp theo | H15: Hiển thị lỗiKhông chuyển sang Bước 4 | I15: Đạt

Sheet BeeOS - Quản lý HĐBH(B4)
B1: Tên chức năng | D1: Quản lý HĐBH (B4) | G1: Tổng TCs | H1: Đạt | I1: Không đạt | J1: Chưa xong
B2: Người tạo | D2: Levi | G2: =COUNTIF(A6:A33,"TC-??") -> 20 | H2: =COUNTIF(I4:I889,"Đạt") -> 20 | I2: =COUNTIF(I4:I889,"Không Đạt") -> 0 | J2: =COUNTIF(I4:I889,"Chưa Xong") -> 0
B3: Ngày Tạo | D3: 45985 | G3: =SUM(H3+I3+J3) -> 1 | H3: =H2/G2 -> 1 | I3: =I2/G2 -> 0 | J3: =J2/G2 -> 0
A5: ID | B5: User Story | C5: Chức năng chính | D5: Chức năng con | E5: Điều kiện tiên quyết | F5: Mô tả | G5: Các bước thực hiện | H5: Kết quả mong đợi | I5: Kết quả thực tế
A6: TC-01 | B6: Là Underwriter, tôi muốn xem thống kê trước khi đề xuất | C6: Đề xuất công ty BH | D6: Dashboard thống kê | E6: Có dữ liệu lịch sử | F6: Kiểm tra hiển thị dashboard khi đủ dữ liệu | G6: 1. Truy cập Bước 4 | H6: Biểu đồ hiển thị đầy đủ, không chỉnh sửa được | I6: Đạt
A7: TC-02 | B7: Là Underwriter, tôi muốn hệ thống xử lý khi thiếu dữ liệu thống kê | C7: Đề xuất công ty BH | D7: Dashboard thống kê | E7: Không có dữ liệu 1–3 năm | F7: Kiểm tra dashboard khi dữ liệu trống | G7: 1. Truy cập Bước 4 | H7: Hiển thị “Không có dữ liệu”, không lỗi | I7: Đạt
A8: TC-03 | B8: Là Underwriter, tôi muốn nhập tỷ lệ phí hợp lệ | C8: Nhập tỷ lệ phí | D8: Nhập số | E8: Có STBH | F8: Nhập tỷ lệ phí > 0 | G8: 1. Nhập 0.05 | H8: Phí bảo hiểm tự động tính đúng | I8: Đạt
A9: TC-04 | B9: Là Underwriter, tôi không được nhập tỷ lệ phí bằng 0 | C9: Nhập tỷ lệ phí | D9: Validate dữ liệu | E9: Có STBH | F9: Kiểm tra tỷ lệ = 0 | G9: 1. Nhập 0 | H9: Hiển thị lỗi, không cho tiếp | I9: Đạt
A10: TC-05 | B10: Là Underwriter, tôi không được nhập tỷ lệ phí âm | C10: Nhập tỷ lệ phí | D10: Validate dữ liệu | E10: Có STBH | F10: Kiểm tra tỷ lệ âm | G10: 1. Nhập -0.01 | H10: Không cho nhập / báo lỗi | I10: Đạt
A11: TC-06 | B11: Là Underwriter, tôi không được nhập ký tự | C11: Nhập tỷ lệ phí | D11: Validate dữ liệu | E11: Có STBH | F11: Nhập ký tự không hợp lệ | G11: 1. Nhập “abc” | H11: Không nhận giá trị | I11: Đạt
A12: TC-07 | B12: Là Underwriter, tôi muốn hệ thống làm tròn phí đúng | C12: Tính phí | D12: Làm tròn số | E12: Có tỷ lệ lẻ | F12: Kiểm tra làm tròn VNĐ | G12: 1. Nhập 0.0375 | H12: Phí làm tròn đúng rule | I12: Đạt
A13: TC-08 | B13: Là Underwriter, tôi muốn hệ thống cập nhật phí realtime | C13: Tính phí | D13: Auto update | E13: Có nhiều hạng mục | F13: Thay đổi tỷ lệ liên tục | G13: 1. Sửa nhiều dòng | H13: Phí cập nhật realtime, không lag | I13: Đạt
A14: TC-09 | B14: Là Underwriter, tôi muốn chọn công ty mặc định | C14: Đề xuất công ty BH | D14: Danh sách công ty | E14: Có dữ liệu auto | F14: Kiểm tra danh sách đề xuất sẵn | G14: 1. Truy cập Bước 4 | H14: Danh sách hiển thị đúng | I14: Đạt
A15: TC-10 | B15: Là Underwriter, tôi không được để trống danh sách công ty | C15: Đề xuất công ty BH | D15: Validate danh sách | E15: Có công ty mặc định | F15: Xoá hết công ty | G15: 1. Xoá toàn bộ | H15: Báo lỗi, yêu cầu ≥ 1 công ty | I15: Đạt
A16: TC-11 | B16: Là Underwriter, tôi không được thêm công ty trùng | C16: Đề xuất công ty BH | D16: Thêm công ty | E16: Công ty đã tồn tại | F16: Thêm công ty trùng | G16: 1. Nhấn Thêm 2. Chọn công ty cũ | H16: Không cho thêm trùng | I16: Đạt
... A25: TC-20 | B25: Là Underwriter, tôi muốn sang màn hình bản chào phí | C25: Điều hướng | D25: Tiếp theo | E25: Dữ liệu hợp lệ | F25: Hoàn tất Bước 4 | G25: 1. Nhấn Tiếp theo | H25: Chuyển sang màn hình bản chào phí | I25: Đạt

Sheet BeeOS - KT Bản chào phí
B1: Tên chức năng | D1: Kiểm Tra Bản Chào Phí | G1: Tổng TCs | H1: Đạt | I1: Không đạt | J1: Chưa xong
B2: Người tạo | D2: Levi | G2: =COUNTIF(A6:A47,"TC-??") -> 16 | H2: =COUNTIF(I4:I903,"Đạt") -> 16 | I2: =COUNTIF(I4:I903,"Không Đạt") -> 0 | J2: =COUNTIF(I4:I903,"Chưa Xong") -> 0
B3: Ngày Tạo | D3: 46001 | G3: =SUM(H3+I3+J3) -> 1 | H3: =H2/G2 -> 1 | I3: =I2/G2 -> 0 | J3: =J2/G2 -> 0
A5: ID | B5: User Story | C5: Chức năng chính | D5: Chức năng con | E5: Điều kiện tiên quyết | F5: Mô tả | G5: Các bước thực hiện | H5: Kết quả mong đợi | I5: Kết quả thực tế
A6: TC-01 | B6: Là Underwriter, tôi muốn xem tổng quan giá trị và phí bảo hiểm trước khi gửi duyệt | C6: Đề xuất công ty BH | D6: Hiển thị tổng quan | E6: Đã hoàn tất Bước 1–3 | F6: Kiểm tra hiển thị Giá trị tham gia BH và Tổng phí BH | G6: 1. Truy cập Bước 4 2. Quan sát 2 chỉ số đầu trang | H6: Hiển thị đúng giá trị tổng hợp, đúng đơn vị VND | I6: Đạt
A7: TC-02 | B7: Là Underwriter, tôi muốn hệ thống tính đúng Tổng phí BH | C7: Đề xuất công ty BH | D7: Tính phí | E7: Có dữ liệu STBH & tỷ lệ phí | F7: Kiểm tra công thức tính tổng phí | G7: 1. Nhập tỷ lệ phí ở Bước 4 2. Quan sát Tổng phí | H7: Tổng phí = tổng phí các phạm vi, tính đúng theo công thức | I7: Đạt
A8: TC-03 | B8: Là Underwriter, tôi muốn phát hiện lỗi khi Tổng phí = 0 | C8: Đề xuất công ty BH | D8: Validate dữ liệu | E8: Tỷ lệ phí = 0 hoặc trống | F8: Kiểm tra xử lý tổng phí bằng 0 | G8: 1. Để trống hoặc nhập 0 tỷ lệ phí 2. Nhấn Gửi duyệt | H8: Hệ thống không cho submit, hiển thị thông báo lỗi | I8: Đạt
A9: TC-04 | B9: Là Underwriter, tôi muốn rà soát chi tiết thông tin hợp đồng | C9: Đề xuất công ty BH | D9: Hiển thị chi tiết | E9: Đã nhập dữ liệu ở các bước trước | F9: Kiểm tra các trường thông tin chi tiết | G9: 1. Cuộn xem Loại hình, NĐBH, Địa điểm, Tài sản, Thời hạn | H9: Dữ liệu hiển thị đầy đủ, đúng với dữ liệu đã nhập | I9: Đạt
A10: TC-05 | B10: Là Underwriter, tôi muốn phát hiện dữ liệu bị trống | C10: Đề xuất công ty BH | D10: Validate hiển thị | E10: Có trường dữ liệu null | F10: Kiểm tra hiển thị khi dữ liệu trống | G10: 1. Truy cập Bước 4 với dữ liệu thiếu | H10: Không hiển thị dữ liệu rỗng hoặc hiển thị cảnh báo | I10: Đạt
A11: TC-06 | B11: Là Underwriter, tôi muốn hệ thống xử lý nội dung dài | C11: Đề xuất công ty BH | D11: Hiển thị nội dung dài | E11: Nội dung tài sản dài | F11: Kiểm tra vỡ layout | G11: 1. Nhập mô tả tài sản dài 2. Xem Bước 4 | H11: Không vỡ layout, hiển thị gọn hoặc có xuống dòng | I11: Đạt
A12: TC-07 | B12: Là Underwriter, tôi muốn quay lại chỉnh sửa thông tin | C12: Điều hướng | D12: Quay lại | E12: Đang ở Bước 4 | F12: Kiểm tra nút Quay lại | G12: 1. Nhấn Quay lại 2. Chỉnh sửa dữ liệu 3. Quay lại Bước 4 | H12: Dữ liệu được cập nhật đúng, không mất dữ liệu | I12: Đạt
A13: TC-08 | B13: Là Underwriter, tôi muốn dữ liệu được đồng bộ sau chỉnh sửa | C13: Điều hướng | D13: Đồng bộ dữ liệu | E13: Đã sửa ở Bước 2/3 | F13: Kiểm tra cập nhật tổng phí | G13: 1. Quay lại Bước 3 sửa khấu trừ 2. Quay lại Bước 4 | H13: Tổng phí & tổng quan được cập nhật | I13: Đạt
A14: TC-09 | B14: Là Underwriter, tôi muốn lưu hồ sơ ở trạng thái nháp | C14: Đề xuất công ty BH | D14: Lưu nháp | E14: Đang ở Bước 4 | F14: Kiểm tra chức năng Lưu nháp | G14: 1. Nhấn Lưu bản nháp | H14: Hồ sơ được lưu trạng thái “Nháp”, quay về danh sách | I14: Đạt
A15: TC-10 | B15: Là Underwriter, tôi muốn mở lại hồ sơ nháp | C15: Quản lý hồ sơ | D15: Load dữ liệu nháp | E15: Có hồ sơ nháp | F15: Kiểm tra load lại dữ liệu | G15: 1. Mở hồ sơ nháp | H15: Dữ liệu load đúng, quay về đúng bước | I15: Đạt
A16: TC-11 | B16: Là Underwriter, tôi muốn gửi hồ sơ để lãnh đạo duyệt | C16: Đề xuất công ty BH | D16: Gửi duyệt | E16: Dữ liệu hợp lệ | F16: Kiểm tra submit hồ sơ | G16: 1. Nhấn Gửi lãnh đạo duyệt | H16: Hồ sơ chuyển trạng thái “Chờ xét duyệt”, hiển thị SM2 | I16: Đạt
... A21: TC-16 | B21: Là hệ thống, tôi không cho truy cập trực tiếp Bước 4 | C21: Bảo mật luồng | D21: Chặn truy cập | E21: Không qua Bước 1–3 | F21: Kiểm tra truy cập trực tiếp URL | G21: 1. Mở link Bước 4 | H21: Hệ thống chuyển về Bước 1 hoặc báo lỗi | I21: Đạt

Sheet BeeOS - Tạo phụ lục HĐBH(B1)
B1: Tên chức năng | D1: Tạo Phụ Lục Hợp Đồng Bảo Hiểm (B1) | G1: Tổng TCs | H1: Đạt | I1: Không đạt | J1: Chưa xong
B2: Người tạo | D2: Levi | G2: =COUNTIF(A6:A47,"TC-??") -> 22 | H2: =COUNTIF(I4:I904,"Đạt") -> 22 | I2: =COUNTIF(G4:G904,"Không Đạt") -> 0 | J2: =COUNTIF(G4:G904,"Chưa Xong") -> 0
B3: Ngày Tạo | D3: 46002 | G3: =SUM(H3+I3+J3) -> 1 | H3: =H2/G2 -> 1 | I3: =I2/G2 -> 0 | J3: =J2/G2 -> 0
A5: ID | B5: User Story | C5: Chức năng chính | D5: Chức năng con | E5: Điều kiện tiên quyết | F5: Mô tả | G5: Các bước thực hiện | H5: Kết quả mong đợi | I5: Kết quả thực tế
A6: TC-01 | B6: Là Underwriter, tôi muốn chọn Loại hình & Địa điểm cho phụ lục | C6: Tạo hồ sơ BH | D6: Chọn loại hình & địa điểm | E6: Đang tạo hồ sơ mới | F6: Kiểm tra chọn Loại hình bảo hiểm và Địa điểm | G6: 1. Truy cập Bước 1 2. Chọn Loại hình BH 3. Chọn Địa điểm | H6: Loại hình & Địa điểm được chọn hợp lệ, không báo lỗi | I6: Đạt
A7: TC-02 | B7: Là Underwriter, tôi muốn chọn loại hồ sơ là Phụ lục | C7: Tạo hồ sơ BH | D7: Chọn loại hồ sơ | E7: Đã chọn Loại hình & Địa điểm | F7: Kiểm tra chọn “Phụ lục” | G7: 1. Nhấn nút “Phụ lục” | H7: Giao diện chuyển sang chế độ Phụ lục | I7: Đạt
A8: TC-03 | B8: Là Underwriter, tôi muốn giao diện hiển thị đúng trường cho Phụ lục | C8: Tạo hồ sơ BH | D8: Hiển thị UI | E8: Đã chọn “Phụ lục” | F8: Kiểm tra UI phụ lục | G8: 1. Quan sát màn hình | H8: Hiển thị các trường: Ngày hiệu lực PLHD, thay đổi phí, tóm tắt nội dung | I8: Đạt
A9: TC-04 | B9: Là Underwriter, tôi muốn nhập ngày hiệu lực PLHD | C9: Tạo hồ sơ BH | D9: Nhập thời gian | E9: Đang ở chế độ Phụ lục | F9: Kiểm tra nhập ngày hiệu lực | G9: 1. Chọn ngày tại “Ngày bắt đầu hiệu lực PLHD” | H9: Ngày được chọn thành công | I9: Đạt
A10: TC-05 | B10: Là hệ thống, tôi không cho ngày PLHD < ngày hiện tại | C10: Validate dữ liệu | D10: Validate ngày | E10: Ngày nhỏ hơn ngày hiện tại | F10: Kiểm tra ràng buộc ngày | G10: 1. Chọn ngày quá khứ | H10: Hiển thị lỗi, không cho tiếp tục | I10: Đạt
A11: TC-06 | B11: Là hệ thống, tôi không cho ngày PLHD > ngày kết thúc HĐ chính | C11: Validate dữ liệu | D11: Validate ngày | E11: Ngày vượt thời hạn HĐ | F11: Kiểm tra ràng buộc nghiệp vụ | G11: 1. Chọn ngày PLHD sau ngày kết thúc HĐ | H11: Hiển thị lỗi nghiệp vụ | I11: Đạt
A12: TC-07 | B12: Là Underwriter, tôi muốn giữ nguyên phí | C12: Phụ lục | D12: Không thay đổi phí | E12: Toggle OFF | F12: Kiểm tra toggle OFF | G12: 1. Không bật “Thay đổi số tiền/phí BH” | H12: Không hiển thị phần điều chỉnh | I12: Đạt
A13: TC-08 | B13: Là Underwriter, tôi muốn thay đổi số tiền/phí BH | C13: Phụ lục | D13: Bật thay đổi phí | E13: Toggle ON | F13: Kiểm tra bật toggle | G13: 1. Gạt toggle sang ON | H13: Hiển thị thêm các trường điều chỉnh | I13: Đạt
A14: TC-09 | B14: Là Underwriter, tôi muốn xem Số tiền BH ban đầu | C14: Phụ lục | D14: Hiển thị STBH | E14: Toggle ON | F14: Kiểm tra hiển thị STBH | G14: 1. Quan sát ô STBH ban đầu | H14: Hiển thị đúng, read-only | I14: Đạt
A15: TC-10 | B15: Là Underwriter, tôi muốn chọn loại điều chỉnh | C15: Phụ lục | D15: Chọn tăng/giảm | E15: Toggle ON | F15: Kiểm tra chọn loại điều chỉnh | G15: 1. Mở dropdown 2. Chọn Tăng hoặc Giảm | H15: Giá trị được chọn | I15: Đạt
A16: TC-11 | B16: Là Underwriter, tôi muốn nhập giá trị điều chỉnh | C16: Phụ lục | D16: Nhập số tiền | E16: Đã chọn Tăng/Giảm | F16: Kiểm tra nhập số tiền | G16: 1. Nhập số tiền điều chỉnh | H16: Giá trị được ghi nhận | I16: Đạt
... A27: TC-22 | B27: Là hệ thống, tôi không cho truy cập trực tiếp Bước 1 Phụ lục | C27: Bảo mật luồng | D27: Validate URL | E27: Truy cập URL trực tiếp | F27: Kiểm tra bảo mật | G27: 1. Mở link trực tiếp | H27: Chuyển về danh sách hoặc báo lỗi | I27: Đạt

Sheet BeeOS - Tạo Phụ lục HĐ(B2)
B1: Tên chức năng | D1: Tạo Phụ Lục Hợp Đồng Bảo Hiểm (B2) | G1: Tổng TCs | H1: Đạt | I1: Không đạt | J1: Chưa xong
B2: Người tạo | D2: Levi | G2: =COUNTIF(A1:A200,"TC-??") -> 19 | H2: =COUNTIF(I4:I844,"Đạt") -> 19 | I2: =COUNTIF(G4:G877,"Không Đạt") -> 0 | J2: =COUNTIF(G4:G877,"Chưa Xong") -> 0
B3: Ngày Tạo | D3: 46002 | G3: =SUM(H3+I3+J3) -> 1 | H3: =H2/G2 -> 1 | I3: =I2/G2 -> 0 | J3: =J2/G2 -> 0
A5: ID | B5: Mô tả User Story | C5: Chức năng chính | D5: Chức năng con | E5: Điều kiện tiên quyết | F5: Mô tả | G5: Các bước thực hiện | H5: Kết quả mong đợi | I5: Kết quả thực tế
A6: TC-01 | B6: Hiển thị đúng thanh tiến trình tại bước 2 | C6: Xem lại phụ lục | D6: UI hiển thị | E6: Đã hoàn thành bước 1 | F6: Hệ thống hiển thị thanh tiến trình với bước hiện tại là “Xem lại phụ lục bổ sung HĐ” | G6: 1. Điều hướng sang bước 2 2. Quan sát thanh tiến trình | H6: Bước 2 được highlight Bước 1 hiển thị dấu check | I6: Đạt
A7: TC-02 | B7: Hiển thị tiêu đề trang | C7: Xem lại phụ lục | D7: Tiêu đề | E7: Đang ở bước 2 | F7: Trang hiển thị tiêu đề “Xem lại phụ lục bổ sung HĐ” | G7: 1. Mở bước 2 | H7: Tiêu đề hiển thị đúng | I7: Đạt
A8: TC-03 | B8: Hiển thị Số tiền bảo hiểm hiện tại | C8: Xem lại phụ lục | D8: Số tiền bảo hiểm | E8: Có dữ liệu hợp đồng chính | F8: “Số tiền bảo hiểm hiện tại” phải hiển thị đúng theo hợp đồng chính | G8: 1. Sang bước 2 2. Quan sát field | H8: Hiển thị đúng giá trị từ hợp đồng chính | I8: Đạt
A9: TC-04 | B9: Hiển thị giá trị điều chỉnh số tiền bảo hiểm | C9: Xem lại phụ lục | D9: Số tiền bảo hiểm | E9: Bước 1 đã nhập điều chỉnh | F9: “Số tiền bảo hiểm điều chỉnh” hiển thị đúng giá trị Tăng/Giảm | G9: 1. Nhập điều chỉnh ở bước 1 2. Sang bước 2 | H9: Hiển thị đúng giá trị điều chỉnh (âm hiển thị với dấu “–”) | I9: Đạt
A10: TC-05 | B10: Tính “Số tiền bảo hiểm sau khi thay đổi” | C10: Xem lại phụ lục | D10: Tính toán | E10: Bước 1 đã hoàn tất nhập | F10: “Số tiền bảo hiểm sau khi thay đổi” = Số tiền hiện tại + Số tiền điều chỉnh | G10: 1. Nhập 2.000.000.000 và -1.000.000.000 ở bước 1 2. Sang bước 2 | H10: Hiển thị 1.900.000.000 theo công thức | I10: Đạt
A11: TC-06 | B11: Hiển thị “Phí hiện tại (bao gồm VAT)” | C11: Xem lại phụ lục | D11: Phí bảo hiểm | E11: Có phí trong hợp đồng chính | F11: Field hiển thị đúng phí hiện tại = phí gốc + 10% VAT | G11: 1. Sang bước 2 2. Quan sát field | H11: Hiển thị đúng giá trị tính theo hợp đồng | I11: Đạt
A12: TC-07 | B12: Tính “Phí sau điều chỉnh (bao gồm VAT)” | C12: Xem lại phụ lục | D12: Tính phí | E12: Bước 1 có thay đổi số tiền BH | F12: “Phí sau điều chỉnh” = (Số tiền BH sau điều chỉnh × Tỉ lệ phí mới) + 10% VAT | G12: 1. Nhập giá trị ở bước 1 2. Sang bước 2 | H12: Hiển thị đúng theo công thức | I12: Đạt
A13: TC-08 | B13: Hiển thị “Phí đã thanh toán (bao gồm VAT)” | C13: Xem lại phụ lục | D13: Phí bảo hiểm | E13: Có dữ liệu thanh toán | F13: Field hiển thị đúng số tiền khách đã thanh toán | G13: 1. Sang bước 2 2. Quan sát field | H13: Hiển thị đúng giá trị đã thanh toán | I13: Đạt
A14: TC-09 | B14: Tính “Phí phải thanh toán còn lại (bao gồm VAT)” | C14: Xem lại phụ lục | D14: Tính phí | E14: Có dữ liệu hợp lệ | F14: “Phí phải thanh toán còn lại” = Phí sau điều chỉnh – Phí đã thanh toán | G14: 1. Quan sát “Phí sau điều chỉnh” và “Phí đã thanh toán” 2. So sánh với field cuối | H14: Hiển thị đúng kết quả theo công thức | I14: Đạt
A15: TC-10 | B15: Nút “Gửi lãnh đạo duyệt” hoạt động đúng | C15: Xem lại phụ lục | D15: Submit | E15: Bước 2 hiển thị đầy đủ | F15: Cho phép user gửi duyệt phụ lục | G15: 1. Nhấn “Gửi lãnh đạo duyệt” | H15: Hiển thị SM2 – Hợp đồng đã được gửi xét duyệt thành công. | I15: Đạt
A16: TC-11 | B16: Nút “Quay lại” điều hướng chính xác | C16: Xem lại phụ lục | D16: Điều hướng | E16: Không | F16: Cho phép quay lại bước 1 để chỉnh sửa | G16: 1. Nhấn “Quay lại” | H16: Điều hướng về Bước 1 – Thông tin bổ sung | I16: Đạt
... A24: TC-19 | B24: Validate khi thiếu dữ liệu tính phí | C24: Xem lại phụ lục | D24: Validation | E24: Thiếu Số tiền sau thay đổi hoặc Tỉ lệ phí mới hoặc Ngày bắt đầu > Ngày kết thúc | F24: Hệ thống phải hiển thị lỗi đúng mã lỗi | G24: 1. Bỏ trống Tỉ lệ phí mới hoặc Số tiền sau thay đổi hoặc nhập ngày không hợp lệ2. Quan sát | H24: Hệ thống hiển thị lỗi IEM1 (bắt buộc) hoặc IEM13 (ngày không hợp lệ) hoặc IEM17 (giá trị ≤ 0) | I24: Đạt

Sheet BeeOS -Trang vận hành cấp đơn
B1: Tên chức năng | D1: Trang vận hành cấp đơn | G1: Tổng TCs | H1: Đạt | I1: Không đạt | J1: Chưa xong
B2: Người tạo | D2: Levi | G2: =COUNTIF(A6:A47,"TC-??") -> 18 | H2: =COUNTIF(I4:I844,"Đạt") -> 18 | I2: =COUNTIF(G4:G904,"Không Đạt") -> 0 | J2: =COUNTIF(G4:G904,"Chưa Xong") -> 0
B3: Ngày Tạo | D3: 45986 | G3: =SUM(H3+I3+J3) -> 1 | H3: =H2/G2 -> 1 | I3: =I2/G2 -> 0 | J3: =J2/G2 -> 0
A5: ID | B5: User Story | C5: Chức năng chính | D5: Chức năng con | E5: Điều kiện tiên quyết | F5: Mô tả | G5: Các bước thực hiện | H5: Kết quả mong đợi | I5: Kết quả thực tế
A6: TC-01 | B6: Là Admin, tôi muốn truy cập Bảng điều khiển | C6: Dashboard | D6: Truy cập màn hình | E6: Đã đăng nhập hệ thống | F6: Kiểm tra truy cập Dashboard | G6: 1. Tại menu trái chọn Bảng điều khiển | H6: Màn hình Dashboard hiển thị đúng giao diện | I6: Đạt
A7: TC-02 | B7: Là Admin, tôi muốn xem lời chào cá nhân hóa | C7: Dashboard | D7: Hiển thị thông tin | E7: Đã đăng nhập | F7: Kiểm tra header chào mừng | G7: 1. Truy cập Dashboard | H7: Hiển thị “Chào mừng trở lại, <Tên user>” | I7: Đạt
A8: TC-03 | B8: Là Admin, tôi muốn tìm kiếm nhanh hợp đồng | C8: Dashboard | D8: Tìm kiếm nhanh | E8: Có dữ liệu hợp đồng | F8: Tìm theo từ khóa | G8: 1. Nhập từ khóa vào ô Tìm kiếm hợp đồng | H8: Danh sách gợi ý/ kết quả đúng từ khóa | I8: Đạt
A9: TC-04 | B9: Là Admin, tôi muốn tìm theo địa điểm | C9: Dashboard | D9: Tìm kiếm nhanh | E9: Có hợp đồng theo địa điểm | F9: Tìm theo địa điểm | G9: 1. Nhập tên địa điểm | H9: Kết quả trả về đúng địa điểm | I9: Đạt
A10: TC-05 | B10: Là Admin, tôi muốn tìm hợp đồng không tồn tại | C10: Dashboard | D10: Tìm kiếm nhanh | E10: Không có dữ liệu phù hợp | F10: Case không có kết quả | G10: 1. Nhập từ khóa không tồn tại | H10: Hiển thị trạng thái không có kết quả | I10: Đạt
A11: TC-06 | B11: Là Admin, tôi muốn xem danh sách hợp đồng | C11: Dashboard | D11: Điều hướng | E11: Có quyền truy cập | F11: Điều hướng sang danh sách | G11: 1. Nhấn Xem danh sách hợp đồng bảo hiểm | H11: Chuyển sang màn hình Quản lý HĐBH | I11: Đạt
A12: TC-07 | B12: Là Admin, tôi muốn tạo mới hồ sơ | C12: Dashboard | D12: Tạo hồ sơ | E12: Có quyền cấp đơn | F12: Bắt đầu quy trình cấp đơn | G12: 1. Nhấn + Tạo hồ sơ bảo hiểm | H12: Chuyển sang Bước 1 – Thông tin cơ bản | I12: Đạt
A13: TC-08 | B13: Là Admin, tôi muốn theo dõi hợp đồng sắp hết hạn | C13: Dashboard | D13: Theo dõi | E13: Có hợp đồng sắp hết hạn | F13: Kiểm tra bảng hợp đồng sắp hết hạn | G13: 1. Quan sát bảng bên dưới | H13: Hiển thị danh sách hợp đồng sắp hết hạn | I13: Đạt
A14: TC-09 | B14: Là Admin, tôi muốn xem thông tin từng dòng | C14: Dashboard | D14: Hiển thị dữ liệu | E14: Có dữ liệu | F14: Kiểm tra thông tin cột | G14: 1. Quan sát từng dòng | H14: Hiển thị đúng Địa điểm, Loại BH, Ngày hết hạn | I14: Đạt
A15: TC-10 | B15: Là Admin, tôi muốn xem người được phân công | C15: Dashboard | D15: Phân công | E15: Có dữ liệu phân công | F15: Kiểm tra cột phân công | G15: 1. Quan sát cột Phân công | H15: Hiển thị đúng tên người phụ trách | I15: Đạt
A16: TC-11 | B16: Là Admin, tôi muốn chỉnh sửa phân công | C16: Dashboard | D16: Chỉnh sửa | E16: Có quyền chỉnh sửa | F16: Thay đổi người phụ trách | G16: 1. Nhấn icon Bút chì; 2. Chọn người khác | H16: Phân công được cập nhật thành công | I16: Đạt
... A23: TC-18 | B23: Là Admin, tôi muốn tránh nhập ký tự nguy hiểm | C23: Dashboard | D23: Bảo mật | E23: Có ô tìm kiếm | F23: Nhập ký tự đặc biệt | G23: 1. Nhập <script> | H23: Hệ thống không lỗi, không execute | I23: Đạt

Sheet BeeOS - Trang List HĐBH
B1: Tên chức năng | D1: Trang List Hợp đồng Bảo hiểm | G1: Tổng TCs | H1: Đạt | I1: Không đạt | J1: Chưa xong
B2: Người tạo | D2: Levi | G2: =COUNTIF(A6:A47,"TC-??") -> 21 | H2: =COUNTIF(I4:I844,"Đạt") -> 21 | I2: =COUNTIF(G4:G904,"Không Đạt") -> 0 | J2: =COUNTIF(G4:G904,"Chưa Xong") -> 0
B3: Ngày Tạo | D3: 45986 | G3: =SUM(H3+I3+J3) -> 1 | H3: =H2/G2 -> 1 | I3: =I2/G2 -> 0 | J3: =J2/G2 -> 0
A5: ID | B5: User Story | C5: Chức năng chính | D5: Chức năng con | E5: Điều kiện tiên quyết | F5: Mô tả | G5: Các bước thực hiện | H5: Kết quả mong đợi | I5: Kết quả thực tế
A6: TC-01 | B6: Là Admin, tôi muốn truy cập danh sách HĐBH | C6: Quản lý HĐBH | D6: Truy cập danh sách | E6: Đã đăng nhập hệ thống | F6: Kiểm tra hiển thị danh sách hợp đồng | G6: 1. Vào menu Cấp đơn; 2. Chọn Quản lý HĐBH | H6: Hiển thị bảng danh sách HĐBH đúng dữ liệu | I6: Đạt
A7: TC-02 | B7: Là Admin, tôi muốn xem toàn bộ trạng thái | C7: Quản lý HĐBH | D7: Lọc trạng thái | E7: Có dữ liệu nhiều trạng thái | F7: Kiểm tra filter mặc định | G7: 1. Truy cập màn hình; 2. Quan sát bộ lọc trạng thái | H7: Mặc định hiển thị Tất cả trạng thái | I7: Đạt
A8: TC-03 | B8: Là Admin, tôi muốn lọc theo trạng thái | C8: Quản lý HĐBH | D8: Lọc trạng thái | E8: Có hồ sơ nhiều trạng thái | F8: Lọc hồ sơ theo trạng thái cụ thể | G8: 1. Click dropdown trạng thái; 2. Chọn “Bản nháp” | H8: Danh sách chỉ còn hồ sơ Bản nháp | I8: Đạt
A9: TC-04 | B9: Là Admin, tôi muốn tìm hồ sơ nhanh | C9: Quản lý HĐBH | D9: Tìm kiếm | E9: Có dữ liệu phù hợp | F9: Tìm theo địa điểm | G9: 1. Nhập “VINHOMES” vào ô tìm kiếm | H9: Hiển thị các hồ sơ chứa từ khóa | I9: Đạt
A10: TC-05 | B10: Là Admin, tôi muốn tìm hồ sơ không tồn tại | C10: Quản lý HĐBH | D10: Tìm kiếm | E10: Không có dữ liệu phù hợp | F10: Kiểm tra empty state | G10: 1. Nhập từ khóa không tồn tại | H10: Hiển thị trạng thái “Không có dữ liệu” | I10: Đạt
A11: TC-06 | B11: Là Admin, tôi muốn sắp xếp theo số tiền BH | C11: Quản lý HĐBH | D11: Sắp xếp | E11: Có nhiều giá trị khác nhau | F11: Sort tăng dần | G11: 1. Click cột Số tiền BH (VND) | H11: Danh sách sắp xếp tăng dần | I11: Đạt
A12: TC-07 | B12: Là Admin, tôi muốn đảo chiều sắp xếp | C12: Quản lý HĐBH | D12: Sắp xếp | E12: Đã sort tăng dần | F12: Sort giảm dần | G12: 1. Click lại cột Số tiền BH | H12: Danh sách sắp xếp giảm dần | I12: Đạt
A13: TC-08 | B13: Là Admin, tôi muốn sắp xếp theo ngày | C13: Quản lý HĐBH | D13: Sắp xếp | E13: Có nhiều ngày khác nhau | F13: Sort theo ngày hiệu lực | G13: 1. Click cột Ngày bắt đầu hiệu lực | H13: Danh sách sắp xếp đúng theo ngày | I13: Đạt
A14: TC-09 | B14: Là Admin, tôi muốn xem chi tiết hồ sơ | C14: Quản lý HĐBH | D14: Xem chi tiết | E14: Hồ sơ tồn tại | F14: Xem chế độ read-only | G14: 1. Click icon Con mắt | H14: Mở màn hình chi tiết, không cho chỉnh sửa | I14: Đạt
A15: TC-10 | B15: Là Admin, tôi muốn chỉnh sửa hồ sơ nháp | C15: Quản lý HĐBH | D15: Chỉnh sửa | E15: Hồ sơ trạng thái Bản nháp | F15: Kiểm tra quyền chỉnh sửa | G15: 1. Click icon Bút chì | H15: Mở quy trình chỉnh sửa hồ sơ | I15: Đạt
A16: TC-11 | B16: Là Admin, tôi không muốn sửa hồ sơ đã duyệt | C16: Quản lý HĐBH | D16: Phân quyền | E16: Hồ sơ đã duyệt | F16: Chặn chỉnh sửa | G16: 1. Quan sát icon bút chì | H16: Không hiển thị icon chỉnh sửa | I16: Đạt
... A26: TC-21 | B26: Là Admin, tôi muốn bảo toàn filter khi quay lại | C26: Quản lý HĐBH | D26: Trạng thái UI | E26: Đã filter | F26: UX | G26: 1. Filter; 2. Xem chi tiết; 3. Quay lại | H26: Filter vẫn được giữ nguyên | I26: Đạt

Sheet BeeOS - ChiTiết HĐ (Nháp)
B1: Tên chức năng | D1: Trang chi tiết Hợp Đồng (Nháp) | G1: Tổng TCs | H1: Đạt | I1: Không đạt | J1: Chưa xong
B2: Người tạo | D2: Levi | G2: =COUNTIF(A1:A100,"TC-??") -> 9 | H2: =COUNTIF(I4:I844,"Đạt") -> 9 | I2: =COUNTIF(G4:G848,"Không Đạt") -> 0 | J2: =COUNTIF(G4:G848,"Chưa Xong") -> 0
B3: Ngày Tạo | D3: 46002 | G3: =SUM(H3+I3+J3) -> 1 | H3: =H2/G2 -> 1 | I3: =I2/G2 -> 0 | J3: =J2/G2 -> 0
A5: ID | B5: Mô tả User Story | C5: Chức năng chính | D5: Chức năng con | E5: Điều kiện tiên quyết | F5: Mô tả | G5: Các bước thực hiện | H5: Kết quả mong đợi | I5: Kết quả thực tế
A6: TC-01 | B6: Xem chi tiết hồ sơ ở trạng thái Bản nháp | C6: Quản lý HĐBH | D6: Trang chi tiết bản nháp | E6: Hồ sơ tồn tại với trạng thái “Bản nháp” | F6: Underwriter truy cập trang chi tiết của hồ sơ bản nháp để xem thông tin đã nhập | G6: 1. Đăng nhập bằng Underwriter 2. Vào danh sách hồ sơ 3. Click vào hồ sơ có trạng thái “Bản nháp” | H6: Trang chi tiết hiển thị; trạng thái hiển thị “Bản nháp”; thông tin cơ bản, tài liệu đính kèm, đề xuất công ty BH hiển thị đúng dữ liệu đã lưu | I6: Đạt
A7: TC-02 | B7: Hiển thị nút “Sửa” trên trang chi tiết bản nháp | C7: Quản lý HĐBH | D7: Nút Sửa | E7: Hồ sơ ở trạng thái “Bản nháp” | F7: Chỉ hồ sơ bản nháp mới được phép chỉnh sửa | G7: 1. Mở trang chi tiết hồ sơ bản nháp 2. Quan sát góc trên bên phải | H7: Hiển thị nút “Sửa”; nút khả dụng (enabled); không hiển thị với hồ sơ không phải bản nháp | I7: Đạt
A8: TC-03 | B8: Click nút “Sửa” mở trang Sửa hồ sơ bảo hiểm | C8: Quản lý HĐBH | D8: Điều hướng sang trang sửa | E8: Hồ sơ ở trạng thái “Bản nháp” | F8: Khi click “Sửa”, hệ thống mở trang Sửa hồ sơ bảo hiểm | G8: 1. Mở trang chi tiết bản nháp 2. Click nút “Sửa” | H8: Hệ thống điều hướng sang trang “Sửa hồ sơ bảo hiểm”; hiển thị wizard các bước (1–4) | I8: Đạt
A9: TC-04 | B9: Load đúng dữ liệu cũ vào trang Sửa hồ sơ (Bước 1) | C9: Chỉnh sửa hồ sơ | D9: Thông tin cơ bản | E9: Hồ sơ bản nháp đã có dữ liệu ở Bước 1 | F9: Dữ liệu đã lưu phải được load lại đầy đủ | G9: 1. Thực hiện TC-DRAFT-03 2. Quan sát Bước 1 – Thông tin cơ bản | H9: Tất cả field (Loại hình BH, Địa điểm, Người được BH, Ngành nghề, Ngày bắt đầu/kết thúc…) được prefill đúng theo dữ liệu bản nháp | I9: Đạt
A10: TC-05 | B10: Kiểm tra cảnh báo khi thay đổi Loại hình bảo hiểm | C10: Chỉnh sửa hồ sơ | D10: Cảnh báo thay đổi dữ liệu | E10: Hồ sơ bản nháp đã có dữ liệu các bước sau | F10: Khi thay đổi Loại hình BH, hệ thống cảnh báo dữ liệu phụ thuộc sẽ bị thay đổi | G10: 1. Ở trang Sửa hồ sơ, thay đổi Loại hình bảo hiểm 2. Quan sát thông báo | H10: Hiển thị cảnh báo (như spec): phạm vi BH, điều khoản bổ sung, mức khấu trừ sẽ thay đổi theo; người dùng nhận biết rủi ro mất dữ liệu | I10: Đạt
A11: TC-06 | B11: Quay lại từ trang Sửa hồ sơ mà không lưu | C11: Chỉnh sửa hồ sơ | D11: Nút Quay lại | E11: Đang ở trang Sửa hồ sơ | F11: Cho phép người dùng quay lại trang trước | G11: 1. Vào trang Sửa hồ sơ 2. Nhấn “Quay lại” | H11: Hệ thống quay về trang chi tiết bản nháp; dữ liệu bản nháp không bị thay đổi | I11: Đạt
A12: TC-07 | B12: Lưu thay đổi khi chỉnh sửa và tiếp tục luồng | C12: Chỉnh sửa hồ sơ | D12: Lưu & Tiếp theo | E12: Dữ liệu chỉnh sửa hợp lệ | F12: Người dùng chỉnh sửa và tiếp tục sang bước sau | G12: 1. Sửa dữ liệu ở Bước 1 2. Nhấn “Tiếp theo” | H12: Dữ liệu được validate và lưu tạm; chuyển sang Bước 2; không tạo hồ sơ mới | I12: Đạt
A13: TC-08 | B13: Phân quyền – user không phải Underwriter | C13: Quản lý HĐBH | D13: Quyền chỉnh sửa | E13: User không có quyền chỉnh sửa | F13: Chỉ Underwriter mới được sửa bản nháp | G13: 1. Đăng nhập bằng role khác (VD: Manager) 2. Mở trang chi tiết bản nháp | H13: Không hiển thị nút “Sửa” hoặc nút bị disable; không cho phép truy cập URL sửa trực tiếp | I13: Đạt
A14: TC-09 | B14: Refresh trang Sửa hồ sơ | C14: Chỉnh sửa hồ sơ | D14: Reload trang | E14: Đang ở trang Sửa hồ sơ | F14: Reload không làm mất dữ liệu đã load | G14: 1. Vào trang Sửa hồ sơ 2. Refresh trình duyệt | H14: Trang reload thành công; dữ liệu bản nháp vẫn được load đúng từ backend | I14: Đạt

Sheet BeeO-ChiTiết HĐ (Chờ Duyệt CT)
B1: Tên chức năng | D1: Trang chi tiết Hợp Đồng (Chờ duyệt công ty) | G1: Tổng TCs | H1: Đạt | I1: Không đạt | J1: Chưa xong
B2: Người tạo | D2: Levi | G2: =COUNTIF(A1:A210,"TC-??") -> 12 | H2: =COUNTIF(I4:I844,"Đạt") -> 12 | I2: =COUNTIF(G4:G872,"Không Đạt") -> 0 | J2: =COUNTIF(G4:G872,"Chưa Xong") -> 0
B3: Ngày Tạo | D3: 46002 | G3: =SUM(H3+I3+J3) -> 1 | H3: =H2/G2 -> 1 | I3: =I2/G2 -> 0 | J3: =J2/G2 -> 0
A5: ID | B5: Mô tả User Story | C5: Chức năng chính | D5: Chức năng con | E5: Điều kiện tiên quyết | F5: Mô tả | G5: Các bước thực hiện | H5: Kết quả mong đợi | I5: Kết quả thực tế
A6: TC-01 | B6: Xem chi tiết HĐBH ở trạng thái Chờ duyệt công ty | C6: Quản lý HĐBH | D6: Trang chi tiết HĐBH | E6: Hồ sơ tồn tại với trạng thái “Chờ duyệt công ty bảo hiểm” | F6: Underwriter truy cập trang chi tiết để xem thông tin hồ sơ đang chờ duyệt | G6: 1. Đăng nhập Underwriter 2. Vào danh sách HĐBH 3. Click hồ sơ có trạng thái “Chờ duyệt công ty” | H6: Trang chi tiết hiển thị; nhãn trạng thái “Chờ duyệt công ty” hiển thị rõ ràng; thông tin hồ sơ hiển thị đầy đủ | I6: Đạt
A7: TC-02 | B7: Hiển thị trạng thái read-only cho thông tin cơ bản | C7: Quản lý HĐBH | D7: Thông tin cơ bản | E7: Hồ sơ ở trạng thái Chờ duyệt công ty | F7: Không cho chỉnh sửa dữ liệu khi đang chờ duyệt | G7: 1. Mở chi tiết hồ sơ chờ duyệt 2. Quan sát các trường Thông tin cơ bản | H7: Tất cả trường hiển thị ở chế độ chỉ đọc; không có input/editable field | I7: Đạt
A8: TC-03 | B8: Không hiển thị nút “Sửa” khi chờ duyệt công ty | C8: Quản lý HĐBH | D8: Quyền chỉnh sửa | E8: Hồ sơ ở trạng thái Chờ duyệt công ty | F8: Ngăn Underwriter chỉnh sửa hồ sơ đang chờ duyệt | G8: 1. Mở trang chi tiết hồ sơ chờ duyệt 2. Quan sát góc trên bên phải | H8: Không hiển thị nút “Sửa” hoặc nút bị disable hoàn toàn | I8: Đạt
A9: TC-04 | B9: Hiển thị link “Xem lịch sử chỉnh sửa” | C9: Quản lý HĐBH | D9: Lịch sử chỉnh sửa | E9: Hồ sơ đã từng được chỉnh sửa trước đó | F9: Cho phép người dùng xem lịch sử thay đổi | G9: 1. Mở trang chi tiết hồ sơ chờ duyệt 2. Click “Xem lịch sử chỉnh sửa” | H9: Mở popup/trang lịch sử; hiển thị đúng các lần chỉnh sửa (thời gian, người chỉnh sửa, nội dung) | I9: Đạt
A10: TC-05 | B10: Hiển thị đúng thông tin Bản chào & tài liệu đính kèm | C10: Quản lý HĐBH | D10: Tài liệu đính kèm | E10: Hồ sơ có upload Bản chào/Dự thảo/HĐBH scan | F10: Người dùng kiểm tra các file đã upload | G10: 1. Mở chi tiết hồ sơ 2. Quan sát khu vực “Bản chào, Dự thảo HĐ, HĐ đã ký và Tài liệu đính kèm” | H10: Danh sách file hiển thị đầy đủ; tên file, người upload, ngày upload đúng; có nút tải file | I10: Đạt
A11: TC-06 | B11: Tải xuống file Bản chào phí | C11: Quản lý HĐBH | D11: Download file | E11: File Bản chào tồn tại | F11: Cho phép tải file khi hồ sơ chờ duyệt | G11: 1. Mở chi tiết hồ sơ 2. Click icon tải file Bản chào | H11: File được tải thành công; nội dung file đúng; không lỗi quyền truy cập | I11: Đạt
A12: TC-07 | B12: Hiển thị danh sách công ty bảo hiểm được đề xuất | C12: Quản lý HĐBH | D12: Đề xuất công ty BH | E12: Hồ sơ có danh sách công ty đề xuất | F12: Hiển thị các công ty BH đúng dữ liệu | G12: 1. Mở chi tiết hồ sơ 2. Quan sát mục “Đề xuất công ty bảo hiểm” | H12: Danh sách công ty (VD: Bảo Việt, PVI, Bảo Minh…) hiển thị đúng thứ tự đã lưu | I12: Đạt
A13: TC-08 | B13: Kiểm tra điều hướng nút “Quay lại” | C13: Quản lý HĐBH | D13: Điều hướng | E13: Đang ở trang chi tiết hồ sơ chờ duyệt | F13: Cho phép quay lại danh sách | G13: 1. Mở chi tiết hồ sơ 2. Nhấn “Quay lại” | H13: Hệ thống quay về danh sách HĐBH; giữ nguyên filter/trạng thái trước đó (nếu có) | I13: Đạt
A14: TC-09 | B14: Phân quyền: Underwriter không thể chỉnh sửa khi chờ duyệt | C14: Phân quyền | D14: Role Underwriter | E14: User là Underwriter | F14: Đảm bảo đúng rule phân quyền | G14: 1. Login Underwriter 2. Truy cập URL chỉnh sửa trực tiếp (nếu biết) | H14: Hệ thống chặn truy cập; redirect về trang chi tiết hoặc hiển thị thông báo không có quyền | I14: Đạt
A15: TC-10 | B15: Phân quyền: Leader/Manager xem được hồ sơ chờ duyệt | C15: Phân quyền | D15: Role Leader/Manager | E15: User có quyền duyệt | F15: Người có quyền duyệt truy cập xem hồ sơ | G15: 1. Login Leader/Manager 2. Mở chi tiết hồ sơ chờ duyệt | H15: Hồ sơ hiển thị đầy đủ; các hành động duyệt/từ chối (nếu có ở màn khác) được cho phép | I15: Đạt
A16: TC-11 | B16: Refresh trang chi tiết khi chờ duyệt | C16: Quản lý HĐBH | D16: Reload trang | E16: Hồ sơ đang ở trạng thái chờ duyệt | F16: Reload không làm thay đổi trạng thái | G16: 1. Mở chi tiết hồ sơ 2. Refresh trình duyệt | H16: Trang load lại thành công; trạng thái vẫn là “Chờ duyệt công ty”; dữ liệu không thay đổi | I16: Đạt
A17: TC-12 | B17: Cập nhật trạng thái sau khi được công ty duyệt | C17: Đồng bộ trạng thái | D17: Update status | E17: Hồ sơ được duyệt ở luồng khác | F17: Kiểm tra hiển thị trạng thái mới | G17: 1. Hồ sơ được duyệt ở phía Leader/Company 2. Reload trang chi tiết | H17: Trạng thái cập nhật sang “Đã duyệt công ty” (hoặc trạng thái tiếp theo); UI hiển thị đúng trạng thái mới | I17: Đạt

Sheet BeeOS-ChiTiết HĐ (Chỉnh sửa ĐX)
B1: Tên chức năng | D1: Trang chi tiết Hợp Đồng (Chỉnh sửa Đề Xuất) | G1: Tổng TCs | H1: Đạt | I1: Không đạt | J1: Chưa xong
B2: Người tạo | D2: Levi | G2: =COUNTIF(A1:A209,"TC-??") -> 19 | H2: =COUNTIF(I4:I844,"Đạt") -> 19 | I2: =COUNTIF(G4:G871,"Không Đạt") -> 0 | J2: =COUNTIF(G4:G871,"Chưa Xong") -> 0
B3: Ngày Tạo | D3: 46002 | G3: =SUM(H3+I3+J3) -> 1 | H3: =H2/G2 -> 1 | I3: =I2/G2 -> 0 | J3: =J2/G2 -> 0
A5: ID | B5: User Story | C5: Chức năng chính | D5: Chức năng con | E5: Điều kiện tiên quyết | F5: Mô tả | G5: Các bước thực hiện | H5: Kết quả mong đợi | I5: Kết quả thực tế
A6: TC-01 | B6: Là Admin, tôi muốn nhận biết trạng thái chỉnh sửa | C6: Chỉnh sửa hồ sơ | D6: Hiển thị trạng thái | E6: Hồ sơ ở trạng thái Chỉnh sửa | F6: Kiểm tra nhãn trạng thái | G6: 1. Truy cập chi tiết hồ sơ | H6: Hiển thị nhãn “Chỉnh sửa đề xuất” hoặc “Chỉnh sửa năng lực” | I6: Đạt
A7: TC-02 | B7: Là Admin, tôi muốn xem yêu cầu chỉnh sửa | C7: Chỉnh sửa hồ sơ | D7: Yêu cầu chỉnh sửa | E7: Có yêu cầu từ Leader | F7: Hiển thị phần yêu cầu | G7: 1. Truy cập hồ sơ | H7: Khối “Yêu cầu chỉnh sửa” hiển thị ở đầu trang | I7: Đạt
A8: TC-03 | B8: Là Admin, tôi muốn đọc nội dung yêu cầu | C8: Chỉnh sửa hồ sơ | D8: Yêu cầu chỉnh sửa | E8: Có dữ liệu yêu cầu | F8: Kiểm tra nội dung | G8: 1. Quan sát nội dung yêu cầu | H8: Nội dung yêu cầu hiển thị đầy đủ, đúng người gửi | I8: Đạt
A9: TC-04 | B9: Là Admin, tôi muốn quay lại danh sách | C9: Điều hướng | D9: Quay lại | E9: Đang ở trang chi tiết | F9: Điều hướng về danh sách | G9: 1. Nhấn nút Quay lại | H9: Quay về màn hình Quản lý HĐBH | I9: Đạt
A10: TC-05 | B10: Là Admin, tôi muốn chỉnh sửa hồ sơ | C10: Chỉnh sửa hồ sơ | D10: Mở luồng chỉnh sửa | E10: Hồ sơ cho phép sửa | F10: Mở lại quy trình tạo hồ sơ | G10: 1. Nhấn nút Sửa | H10: Hệ thống mở quy trình Bước 1–4 | I10: Đạt
A11: TC-06 | B11: Là Admin, tôi muốn lưu nháp sau chỉnh sửa | C11: Chỉnh sửa hồ sơ | D11: Lưu nháp | E11: Đã sửa dữ liệu | F11: Lưu tạm hồ sơ | G11: 1. Chỉnh sửa; 2. Nhấn Lưu nháp | H11: Hồ sơ lưu trạng thái Nháp | I11: Đạt
A12: TC-07 | B12: Là Admin, tôi muốn gửi lại xét duyệt | C12: Chỉnh sửa hồ sơ | D12: Gửi xét duyệt | E12: Dữ liệu hợp lệ | F12: Gửi lại hồ sơ | G12: 1. Chỉnh sửa; 2. Nhấn Gửi xét duyệt | H12: Hồ sơ chuyển trạng thái Chờ xét duyệt | I12: Đạt
A13: TC-08 | B13: Là Admin, tôi muốn xem lịch sử chỉnh sửa | C13: Theo dõi | D13: Lịch sử chỉnh sửa | E13: Có lịch sử | F13: Xem log chỉnh sửa | G13: 1. Nhấn Xem lịch sử chỉnh sửa | H13: Hiển thị danh sách chỉnh sửa (ai, khi nào, nội dung) | I13: Đạt
A14: TC-09 | B14: Là Admin, tôi muốn xem thông tin cơ bản | C14: Xem thông tin | D14: Thông tin cơ bản | E14: Có dữ liệu | F14: Kiểm tra dữ liệu hiển thị | G14: 1. Mở mục Thông tin cơ bản | H14: Dữ liệu hiển thị đúng, đúng định dạng | I14: Đạt
A15: TC-10 | B15: Là Admin, tôi muốn thu gọn thông tin | C15: Xem thông tin | D15: Thu gọn/Mở rộng | E15: Mục đang mở | F15: Kiểm tra UI | G15: 1. Nhấn mũi tên thu gọn | H15: Mục được thu gọn/mở rộng | I15: Đạt
A16: TC-11 | B16: Là Admin, tôi muốn tải file đính kèm | C16: Tài liệu | D16: Tải xuống | E16: Có file | F16: Download file | G16: 1. Nhấn icon tải xuống | H16: File được tải về đúng | I16: Đạt
... A24: TC-19 | B24: Là Admin, tôi muốn tránh mất dữ liệu khi reload | C24: Chỉnh sửa | D24: UX | E24: Đang chỉnh sửa | F24: Refresh trang | G24: 1. Nhấn F5 | H24: Cảnh báo mất dữ liệu (nếu có) | I24: Đạt

Sheet BeeOS-ChiTiết HĐ (Đã Duyệt CT)
B1: Tên chức năng | D1: Trang chi tiết Hợp Đồng (Đã duyệt công ty) | G1: Tổng TCs | H1: Đạt | I1: Không đạt | J1: Chưa xong
B2: Người tạo | D2: Levi | G2: =COUNTIF(A1:A207,"TC-??") -> 14 | H2: =COUNTIF(I4:I844,"Đạt") -> 14 | I2: =COUNTIF(G4:G869,"Không Đạt") -> 0 | J2: =COUNTIF(G4:G869,"Chưa Xong") -> 0
B3: Ngày Tạo | D3: 46002 | G3: =SUM(H3+I3+J3) -> 1 | H3: =H2/G2 -> 1 | I3: =I2/G2 -> 0 | J3: =J2/G2 -> 0
A5: ID | B5: Mô tả User Story | C5: Chức năng chính | D5: Chức năng con | E5: Điều kiện tiên quyết | F5: Mô tả | G5: Các bước thực hiện | H5: Kết quả mong đợi | I5: Kết quả thực tế
A6: TC-01 | B6: Xem chi tiết HĐBH ở trạng thái Đã duyệt công ty | C6: Quản lý HĐBH | D6: Trang chi tiết HĐBH | E6: Hồ sơ tồn tại với trạng thái “Đã duyệt công ty” | F6: Underwriter truy cập trang chi tiết để theo dõi hồ sơ đang Đã duyệt công ty | G6: 1. Đăng nhập Underwriter 2. Vào danh sách HĐBH 3. Click hồ sơ có trạng thái “Đã duyệt công ty” | H6: Trang chi tiết hiển thị; nhãn trạng thái “Đã duyệt công ty” hiển thị rõ ràng; thông tin hồ sơ hiển thị đầy đủ | I6: Đạt
A7: TC-02 | B7: Hiển thị trang ở chế độ read-only | C7: Quản lý HĐBH | D7: Read-only view | E7: Hồ sơ ở trạng thái Đã duyệt công ty | F7: Không cho chỉnh sửa dữ liệu khi đang chờ duyệt | G7: 1. Mở chi tiết hồ sơ Đã duyệt công ty 2. Quan sát các trường | H7: Tất cả trường hiển thị dạng chỉ đọc; không có input chỉnh sửa | I7: Đạt
A8: TC-03 | B8: Không hiển thị nút “Sửa” | C8: Quản lý HĐBH | D8: Quyền chỉnh sửa | E8: Hồ sơ ở trạng thái Đã duyệt công ty | F8: Ngăn chỉnh sửa hồ sơ | G8: 1. Mở chi tiết hồ sơ 2. Quan sát góc trên bên phải | H8: Không hiển thị nút “Sửa” | I8: Đạt
A9: TC-04 | B9: Hiển thị đầy đủ Bản chào phí và tài liệu đính kèm | C9: Quản lý HĐBH | D9: Tài liệu đính kèm | E9: Hồ sơ có file upload | F9: Người dùng xem danh sách tài liệu | G9: 1. Mở chi tiết hồ sơ 2. Quan sát khu vực “Bản chào, Dự thảo HĐ, HĐ đã ký và Tài liệu đính kèm” | H9: Danh sách file hiển thị đầy đủ; đúng tên file, người upload, ngày upload; có icon tải | I9: Đạt
A10: TC-05 | B10: Tải xuống file Bản chào phí | C10: Quản lý HĐBH | D10: Download file | E10: File tồn tại | F10: Cho phép tải file | G10: 1. Click icon tải file Bản chào phí | H10: File được tải thành công; nội dung đúng; không lỗi quyền | I10: Đạt
A11: TC-06 | B11: Hiển thị danh sách đề xuất công ty bảo hiểm và % nhận | C11: Quản lý HĐBH | D11: Đề xuất công ty BH | E11: Có dữ liệu đề xuất công ty | F11: Hiển thị danh sách công ty và tỷ lệ nhận | G11: 1. Mở chi tiết hồ sơ 2. Quan sát mục “Đề xuất công ty bảo hiểm” | H11: Danh sách công ty hiển thị đúng; % nhận đúng theo dữ liệu đã gửi | I11: Đạt
A12: TC-07 | B12: Hiển thị tổng năng lực bằng 100% | C12: Quản lý HĐBH | D12: Tổng năng lực | E12: Hồ sơ đã được gửi sang bước duyệt năng lực | F12: Tổng năng lực phải đạt 100% | G12: 1. Mở chi tiết hồ sơ 2. Quan sát dòng “TỔNG NĂNG LỰC” | H12: Tổng năng lực hiển thị = 100%; không cho chỉnh sửa | I12: Đạt
A13: TC-08 | B13: Hiển thị ghi chú “Đang trong quá trình chờ phê duyệt” | C13: Quản lý HĐBH | D13: Ghi chú | E13: Hồ sơ ở trạng thái Đã duyệt công ty | F13: Thông báo trạng thái xử lý | G13: 1. Mở chi tiết hồ sơ 2. Quan sát trường Ghi chú | H13: Nội dung ghi chú hiển thị đúng: “Đang trong quá trình chờ phê duyệt.” | I13: Đạt
A14: TC-09 | B14: Không hiển thị nút hành động gửi duyệt tiếp | C14: Quản lý HĐBH | D14: Hành động | E14: Hồ sơ ở trạng thái Đã duyệt công ty | F14: Underwriter không được thao tác tiếp | G14: 1. Mở chi tiết hồ sơ | H14: Không hiển thị nút “Gửi lãnh đạo phê duyệt” hoặc các nút hành động khác | I14: Đạt
A15: TC-10 | B15: Kiểm tra nút “Quay lại” | C15: Điều hướng | D15: Quay lại danh sách | E15: Đang ở trang chi tiết | F15: Cho phép quay lại danh sách HĐBH | G15: 1. Nhấn “Quay lại” | H15: Hệ thống quay về danh sách HĐBH; giữ filter/trạng thái trước đó (nếu có) | I15: Đạt
A16: TC-11 | B16: Refresh trang chi tiết khi Đã duyệt công ty | C16: Quản lý HĐBH | D16: Reload trang | E16: Hồ sơ đang Đã duyệt công ty | F16: Reload không làm thay đổi trạng thái | G16: 1. Refresh trình duyệt | H16: Trang load lại thành công; trạng thái vẫn là “Đã duyệt công ty”; dữ liệu không đổi | I16: Đạt
... A19: TC-14 | B19: Cập nhật trạng thái sau khi duyệt năng lực | C19: Đồng bộ trạng thái | D19: Update status | E19: Hồ sơ được duyệt năng lực ở luồng khác | F19: Kiểm tra cập nhật trạng thái | G19: 1. Leader duyệt năng lực 2. Reload trang chi tiết | H19: Trạng thái cập nhật sang “Đã duyệt năng lực” (hoặc trạng thái tiếp theo); UI hiển thị đúng | I19: Đạt

Sheet BeeO-ChiTiết HĐ (Chờ Duyệt NL)
B1: Tên chức năng | D1: Trang chi tiết Hợp Đồng (Chờ Duyệt Năng Lực) | G1: Tổng TCs | H1: Đạt | I1: Không đạt | J1: Chưa xong
B2: Người tạo | D2: Levi | G2: =COUNTIF(A1:A204,"TC-??") -> 14 | H2: =COUNTIF(I4:I844,"Đạt") -> 14 | I2: =COUNTIF(G4:G866,"Không Đạt") -> 0 | J2: =COUNTIF(G4:G866,"Chưa Xong") -> 0
B3: Ngày Tạo | D3: 46002 | G3: =SUM(H3+I3+J3) -> 1 | H3: =H2/G2 -> 1 | I3: =I2/G2 -> 0 | J3: =J2/G2 -> 0
A5: ID | B5: Mô tả User Story | C5: Chức năng chính | D5: Chức năng con | E5: Điều kiện tiên quyết | F5: Mô tả | G5: Các bước thực hiện | H5: Kết quả mong đợi | I5: Kết quả thực tế
A6: TC-01 | B6: Xem chi tiết HĐBH ở trạng thái Chờ duyệt năng lực | C6: Quản lý HĐBH | D6: Trang chi tiết HĐBH | E6: Hồ sơ tồn tại với trạng thái “Chờ duyệt năng lực” | F6: Underwriter truy cập trang chi tiết để theo dõi hồ sơ đang chờ duyệt năng lực | G6: 1. Đăng nhập Underwriter 2. Vào danh sách HĐBH 3. Click hồ sơ có trạng thái “Chờ duyệt năng lực” | H6: Trang chi tiết hiển thị; nhãn trạng thái “Chờ duyệt năng lực” hiển thị rõ ràng; thông tin hồ sơ hiển thị đầy đủ | I6: Đạt
A7: TC-02 | B7: Hiển thị trang ở chế độ read-only | C7: Quản lý HĐBH | D7: Read-only view | E7: Hồ sơ ở trạng thái Chờ duyệt năng lực | F7: Không cho chỉnh sửa dữ liệu khi đang chờ duyệt | G7: 1. Mở chi tiết hồ sơ chờ duyệt năng lực 2. Quan sát các trường | H7: Tất cả trường hiển thị dạng chỉ đọc; không có input chỉnh sửa | I7: Đạt
A8: TC-03 | B8: Không hiển thị nút “Sửa” | C8: Quản lý HĐBH | D8: Quyền chỉnh sửa | E8: Hồ sơ ở trạng thái Chờ duyệt năng lực | F8: Ngăn chỉnh sửa hồ sơ | G8: 1. Mở chi tiết hồ sơ 2. Quan sát góc trên bên phải | H8: Không hiển thị nút “Sửa” | I8: Đạt
A9: TC-04 | B9: Hiển thị đầy đủ Bản chào phí và tài liệu đính kèm | C9: Quản lý HĐBH | D9: Tài liệu đính kèm | E9: Hồ sơ có file upload | F9: Người dùng xem danh sách tài liệu | G9: 1. Mở chi tiết hồ sơ 2. Quan sát khu vực “Bản chào, Dự thảo HĐ, HĐ đã ký và Tài liệu đính kèm” | H9: Danh sách file hiển thị đầy đủ; đúng tên file, người upload, ngày upload; có icon tải | I9: Đạt
A10: TC-05 | B10: Tải xuống file Bản chào phí | C10: Quản lý HĐBH | D10: Download file | E10: File tồn tại | F10: Cho phép tải file | G10: 1. Click icon tải file Bản chào phí | H10: File được tải thành công; nội dung đúng; không lỗi quyền | I10: Đạt
A11: TC-06 | B11: Hiển thị danh sách đề xuất công ty bảo hiểm và % nhận | C11: Quản lý HĐBH | D11: Đề xuất công ty BH | E11: Có dữ liệu đề xuất công ty | F11: Hiển thị danh sách công ty và tỷ lệ nhận | G11: 1. Mở chi tiết hồ sơ 2. Quan sát mục “Đề xuất công ty bảo hiểm” | H11: Danh sách công ty hiển thị đúng; % nhận đúng theo dữ liệu đã gửi | I11: Đạt
A12: TC-07 | B12: Hiển thị tổng năng lực bằng 100% | C12: Quản lý HĐBH | D12: Tổng năng lực | E12: Hồ sơ đã được gửi sang bước duyệt năng lực | F12: Tổng năng lực phải đạt 100% | G12: 1. Mở chi tiết hồ sơ 2. Quan sát dòng “TỔNG NĂNG LỰC” | H12: Tổng năng lực hiển thị = 100%; không cho chỉnh sửa | I12: Đạt
A13: TC-08 | B13: Hiển thị ghi chú “Đang trong quá trình chờ phê duyệt” | C13: Quản lý HĐBH | D13: Ghi chú | E13: Hồ sơ ở trạng thái Chờ duyệt năng lực | F13: Thông báo trạng thái xử lý | G13: 1. Mở chi tiết hồ sơ 2. Quan sát trường Ghi chú | H13: Nội dung ghi chú hiển thị đúng: “Đang trong quá trình chờ phê duyệt.” | I13: Đạt
A14: TC-09 | B14: Không hiển thị nút hành động gửi duyệt tiếp | C14: Quản lý HĐBH | D14: Hành động | E14: Hồ sơ ở trạng thái Chờ duyệt năng lực | F14: Underwriter không được thao tác tiếp | G14: 1. Mở chi tiết hồ sơ | H14: Không hiển thị nút “Gửi lãnh đạo phê duyệt” hoặc các nút hành động khác | I14: Đạt
A15: TC-10 | B15: Kiểm tra nút “Quay lại” | C15: Điều hướng | D15: Quay lại danh sách | E15: Đang ở trang chi tiết | F15: Cho phép quay lại danh sách HĐBH | G15: 1. Nhấn “Quay lại” | H15: Hệ thống quay về danh sách HĐBH; giữ filter/trạng thái trước đó (nếu có) | I15: Đạt
A16: TC-11 | B16: Refresh trang chi tiết khi chờ duyệt năng lực | C16: Quản lý HĐBH | D16: Reload trang | E16: Hồ sơ đang chờ duyệt năng lực | F16: Reload không làm thay đổi trạng thái | G16: 1. Refresh trình duyệt | H16: Trang load lại thành công; trạng thái vẫn là “Chờ duyệt năng lực”; dữ liệu không đổi | I16: Đạt
... A19: TC-14 | B19: Cập nhật trạng thái sau khi duyệt năng lực | C19: Đồng bộ trạng thái | D19: Update status | E19: Hồ sơ được duyệt năng lực ở luồng khác | F19: Kiểm tra cập nhật trạng thái | G19: 1. Leader duyệt năng lực 2. Reload trang chi tiết | H19: Trạng thái cập nhật sang “Đã duyệt năng lực” (hoặc trạng thái tiếp theo); UI hiển thị đúng | I19: Đạt

Sheet BeeOS-ChiTiết HĐ (Chỉnh sửa NL)
B1: Tên chức năng | D1: Trang chi tiết Hợp Đồng (Chỉnh sửa Đề Xuất) | G1: Tổng TCs | H1: Đạt | I1: Không đạt | J1: Chưa xong
B2: Người tạo | D2: Levi | G2: =COUNTIF(A1:A209,"TC-??") -> 19 | H2: =COUNTIF(I4:I844,"Đạt") -> 19 | I2: =COUNTIF(G4:G871,"Không Đạt") -> 0 | J2: =COUNTIF(G4:G871,"Chưa Xong") -> 0
B3: Ngày Tạo | D3: 46002 | G3: =SUM(H3+I3+J3) -> 1 | H3: =H2/G2 -> 1 | I3: =I2/G2 -> 0 | J3: =J2/G2 -> 0
A5: ID | B5: User Story | C5: Chức năng chính | D5: Chức năng con | E5: Điều kiện tiên quyết | F5: Mô tả | G5: Các bước thực hiện | H5: Kết quả mong đợi | I5: Kết quả thực tế
A6: TC-01 | B6: Là Admin, tôi muốn nhận biết trạng thái chỉnh sửa | C6: Chỉnh sửa hồ sơ | D6: Hiển thị trạng thái | E6: Hồ sơ ở trạng thái Chỉnh sửa | F6: Kiểm tra nhãn trạng thái | G6: 1. Truy cập chi tiết hồ sơ | H6: Hiển thị nhãn “Chỉnh sửa đề xuất” hoặc “Chỉnh sửa năng lực” | I6: Đạt
A7: TC-02 | B7: Là Admin, tôi muốn xem yêu cầu chỉnh sửa | C7: Chỉnh sửa hồ sơ | D7: Yêu cầu chỉnh sửa | E7: Có yêu cầu từ Leader | F7: Hiển thị phần yêu cầu | G7: 1. Truy cập hồ sơ | H7: Khối “Yêu cầu chỉnh sửa” hiển thị ở đầu trang | I7: Đạt
A8: TC-03 | B8: Là Admin, tôi muốn đọc nội dung yêu cầu | C8: Chỉnh sửa hồ sơ | D8: Yêu cầu chỉnh sửa | E8: Có dữ liệu yêu cầu | F8: Kiểm tra nội dung | G8: 1. Quan sát nội dung yêu cầu | H8: Nội dung yêu cầu hiển thị đầy đủ, đúng người gửi | I8: Đạt
A9: TC-04 | B9: Là Admin, tôi muốn quay lại danh sách | C9: Điều hướng | D9: Quay lại | E9: Đang ở trang chi tiết | F9: Điều hướng về danh sách | G9: 1. Nhấn nút Quay lại | H9: Quay về màn hình Quản lý HĐBH | I9: Đạt
A10: TC-05 | B10: Là Admin, tôi muốn chỉnh sửa hồ sơ | C10: Chỉnh sửa hồ sơ | D10: Mở luồng chỉnh sửa | E10: Hồ sơ cho phép sửa | F10: Mở lại quy trình tạo hồ sơ | G10: 1. Nhấn nút Sửa | H10: Hệ thống mở quy trình Bước 1–4 | I10: Đạt
A11: TC-06 | B11: Là Admin, tôi muốn lưu nháp sau chỉnh sửa | C11: Chỉnh sửa hồ sơ | D11: Lưu nháp | E11: Đã sửa dữ liệu | F11: Lưu tạm hồ sơ | G11: 1. Chỉnh sửa; 2. Nhấn Lưu nháp | H11: Hồ sơ lưu trạng thái Nháp | I11: Đạt
A12: TC-07 | B12: Là Admin, tôi muốn gửi lại xét duyệt | C12: Chỉnh sửa hồ sơ | D12: Gửi xét duyệt | E12: Dữ liệu hợp lệ | F12: Gửi lại hồ sơ | G12: 1. Chỉnh sửa; 2. Nhấn Gửi xét duyệt | H12: Hồ sơ chuyển trạng thái Chờ xét duyệt | I12: Đạt
A13: TC-08 | B13: Là Admin, tôi muốn xem lịch sử chỉnh sửa | C13: Theo dõi | D13: Lịch sử chỉnh sửa | E13: Có lịch sử | F13: Xem log chỉnh sửa | G13: 1. Nhấn Xem lịch sử chỉnh sửa | H13: Hiển thị danh sách chỉnh sửa (ai, khi nào, nội dung) | I13: Đạt
A14: TC-09 | B14: Là Admin, tôi muốn xem thông tin cơ bản | C14: Xem thông tin | D14: Thông tin cơ bản | E14: Có dữ liệu | F14: Kiểm tra dữ liệu hiển thị | G14: 1. Mở mục Thông tin cơ bản | H14: Dữ liệu hiển thị đúng, đúng định dạng | I14: Đạt
A15: TC-10 | B15: Là Admin, tôi muốn thu gọn thông tin | C15: Xem thông tin | D15: Thu gọn/Mở rộng | E15: Mục đang mở | F15: Kiểm tra UI | G15: 1. Nhấn mũi tên thu gọn | H15: Mục được thu gọn/mở rộng | I15: Đạt
A16: TC-11 | B16: Là Admin, tôi muốn tải file đính kèm | C16: Tài liệu | D16: Tải xuống | E16: Có file | F16: Download file | G16: 1. Nhấn icon tải xuống | H16: File được tải về đúng | I16: Đạt
... A24: TC-19 | B24: Là Admin, tôi muốn tránh mất dữ liệu khi reload | C24: Chỉnh sửa | D24: UX | E24: Đang chỉnh sửa | F24: Refresh trang | G24: 1. Nhấn F5 | H24: Cảnh báo mất dữ liệu (nếu có) | I24: Đạt

Sheet BeeOS-ChiTiết HĐ (Đã Duyệt NL)
B1: Tên chức năng | D1: Trang chi tiết Hợp Đồng (Đã duyệt năng lực) | G1: Tổng TCs | H1: Đạt | I1: Không đạt | J1: Chưa xong
B2: Người tạo | D2: Levi | G2: =COUNTIF(A1:A195,"TC-??") -> 15 | H2: =COUNTIF(I4:I844,"Đạt") -> 15 | I2: =COUNTIF(G4:G857,"Không Đạt") -> 0 | J2: =COUNTIF(G4:G857,"Chưa Xong") -> 0
B3: Ngày Tạo | D3: 46002 | G3: =SUM(H3+I3+J3) -> 1 | H3: =H2/G2 -> 1 | I3: =I2/G2 -> 0 | J3: =J2/G2 -> 0
A5: ID | B5: Mô tả User Story | C5: Chức năng chính | D5: Chức năng con | E5: Điều kiện tiên quyết | F5: Mô tả | G5: Các bước thực hiện | H5: Kết quả mong đợi | I5: Kết quả thực tế
A6: TC-01 | B6: Xem chi tiết HĐBH ở trạng thái Đã duyệt năng lực | C6: Quản lý HĐBH | D6: Trang chi tiết HĐBH | E6: Hồ sơ tồn tại với trạng thái “Đã duyệt năng lực” | F6: Underwriter truy cập để xem hồ sơ đã hoàn tất duyệt năng lực | G6: 1. Đăng nhập Underwriter 2. Vào danh sách HĐBH 3. Click hồ sơ trạng thái “Đã duyệt năng lực” | H6: Trang chi tiết hiển thị; nhãn trạng thái “Đã duyệt năng lực” hiển thị rõ ràng; toàn bộ thông tin hồ sơ hiển thị đầy đủ | I6: Đạt
A7: TC-02 | B7: Hiển thị trang ở chế độ read-only | C7: Quản lý HĐBH | D7: Read-only view | E7: Hồ sơ ở trạng thái Đã duyệt năng lực | F7: Không cho chỉnh sửa thông tin sau khi đã duyệt | G7: 1. Mở chi tiết hồ sơ 2. Quan sát các trường | H7: Tất cả trường hiển thị dạng chỉ đọc; không có input cho phép chỉnh sửa | I7: Đạt
A8: TC-03 | B8: Không hiển thị nút “Sửa” | C8: Quản lý HĐBH | D8: Quyền chỉnh sửa | E8: Hồ sơ đã duyệt năng lực | F8: Ngăn chỉnh sửa hồ sơ | G8: 1. Mở chi tiết hồ sơ 2. Quan sát góc trên bên phải | H8: Không hiển thị nút “Sửa” | I8: Đạt
A9: TC-04 | B9: Hiển thị đầy đủ Bản chào phí, Dự thảo HĐBH và tài liệu đính kèm | C9: Quản lý HĐBH | D9: Tài liệu đính kèm | E9: Hồ sơ có upload file | F9: Người dùng xem và tải tài liệu | G9: 1. Mở chi tiết hồ sơ 2. Quan sát khu vực tài liệu | H9: Danh sách file hiển thị đầy đủ; đúng tên file; đúng người upload; đúng ngày upload | I9: Đạt
A10: TC-05 | B10: Tải file Bản chào phí thành công | C10: Quản lý HĐBH | D10: Download file | E10: File tồn tại | F10: Cho phép tải file | G10: 1. Click icon tải file Bản chào phí | H10: File được tải thành công; nội dung đúng; không lỗi | I10: Đạt
A11: TC-06 | B11: Thay thế file Dự thảo HĐBH | C11: Quản lý HĐBH | D11: Thay file Dự thảo HĐBH | E11: Hồ sơ ở trạng thái Đã duyệt năng lực; user có quyền | F11: Cho phép thay file dự thảo sau khi đã duyệt năng lực | G11: 1. Click “Thay file khác” tại mục Dự thảo HĐBH 2. Chọn file mới | H11: Hiển thị popup cảnh báo thay file; cho phép tiếp tục hoặc hủy | I11: Đạt
A12: TC-07 | B12: Xác nhận thay file Dự thảo HĐBH | C12: Quản lý HĐBH | D12: Popup xác nhận | E12: Popup xác nhận đang hiển thị | F12: Người dùng xác nhận thay file | G12: 1. Tại popup, nhấn “Có” | H12: File Dự thảo HĐBH được thay thế bằng file mới; file cũ không còn hiệu lực; danh sách file cập nhật | I12: Đạt
A13: TC-08 | B13: Hủy thay file Dự thảo HĐBH | C13: Quản lý HĐBH | D13: Popup xác nhận | E13: Popup xác nhận đang hiển thị | F13: Người dùng hủy thao tác | G13: 1. Tại popup, nhấn “Đóng” | H13: Popup đóng; file Dự thảo HĐBH cũ được giữ nguyên; không có thay đổi dữ liệu | I13: Đạt
A14: TC-09 | B14: Hiển thị danh sách đề xuất công ty bảo hiểm và tỷ lệ | C14: Quản lý HĐBH | D14: Đề xuất công ty BH | E14: Có dữ liệu đề xuất | F14: Hiển thị kết quả duyệt năng lực | G14: 1. Mở chi tiết hồ sơ 2. Quan sát mục Đề xuất công ty BH | H14: Danh sách công ty hiển thị đúng; tỷ lệ nhận và tỷ lệ đồng bảo hiểm hiển thị đúng; các dòng được highlight theo trạng thái (được duyệt / không được duyệt) | I14: Đạt
A15: TC-10 | B15: Hiển thị tổng năng lực sau khi duyệt | C15: Quản lý HĐBH | D15: Tổng năng lực | E15: Hồ sơ đã duyệt năng lực | F15: Tổng năng lực phải đạt 100% | G15: 1. Quan sát dòng “TỔNG NĂNG LỰC” | H15: Tổng năng lực hiển thị = 100%; không cho chỉnh sửa | I15: Đạt
A16: TC-11 | B16: Hiển thị ghi chú trạng thái | C16: Quản lý HĐBH | D16: Ghi chú | E16: Hồ sơ có ghi chú | F16: Hiển thị thông tin ghi chú | G16: 1. Mở chi tiết hồ sơ 2. Quan sát trường Ghi chú | H16: Ghi chú hiển thị đúng nội dung (VD: “Đang trong quá trình chờ phê duyệt.” hoặc nội dung cập nhật) | I16: Đạt
... A20: TC-15 | B20: Truy cập trực tiếp URL chỉnh sửa | C20: Bảo mật | D20: Route protection | E20: Hồ sơ ở trạng thái Đã duyệt năng lực | F20: Ngăn chỉnh sửa trái phép | G20: 1. Copy URL trang sửa 2. Truy cập trực tiếp | H20: Hệ thống chặn truy cập; redirect về trang chi tiết hoặc hiển thị thông báo không có quyền | I20: Đạt

Sheet BeeOS-ChiTiết HĐ (TBH Đã Duyệt)
B1: Tên chức năng | D1: Trang chi tiết Hợp Đồng (TBH Đã Duyệt) | G1: Tổng TCs | H1: Đạt | I1: Không đạt | J1: Chưa xong
B2: Người tạo | D2: Levi | G2: =COUNTIF(A1:A200,"TC-??") -> 15 | H2: =COUNTIF(I4:I844,"Đạt") -> 15 | I2: =COUNTIF(G4:G862,"Không Đạt") -> 0 | J2: =COUNTIF(G4:G862,"Chưa Xong") -> 0
B3: Ngày Tạo | D3: 46016 | G3: =SUM(H3+I3+J3) -> 1 | H3: =H2/G2 -> 1 | I3: =I2/G2 -> 0 | J3: =J2/G2 -> 0
A5: ID | B5: Mô tả User Story | C5: Chức năng chính | D5: Chức năng con | E5: Điều kiện tiên quyết | F5: Mô tả | G5: Các bước thực hiện | H5: Kết quả mong đợi | I5: Kết quả thực tế
A6: TC-01 | B6: Xem chi tiết HĐBH ở trạng thái Đã duyệt năng lực | C6: Quản lý HĐBH | D6: Trang chi tiết HĐBH | E6: Hồ sơ tồn tại với trạng thái “Đã lưu dự thảo hợp đồng” | F6: Underwriter truy cập để xem hồ sơ đã hoàn tất duyệt năng lực | G6: 1. Đăng nhập Underwriter 2. Vào danh sách HĐBH 3. Click hồ sơ trạng thái “Đã duyệt năng lực” | H6: Trang chi tiết hiển thị; nhãn trạng thái “Đã lưu dự thảo hợp đồng” hiển thị rõ ràng; toàn bộ thông tin hồ sơ hiển thị đầy đủ | I6: Đạt
A7: TC-02 | B7: Hiển thị trang ở chế độ read-only | C7: Quản lý HĐBH | D7: Read-only view | E7: Hồ sơ ở trạng thái Đã lưu dự thảo hợp đồng | F7: Không cho chỉnh sửa thông tin sau khi đã duyệt | G7: 1. Mở chi tiết hồ sơ 2. Quan sát các trường | H7: Tất cả trường hiển thị dạng chỉ đọc; không có input cho phép chỉnh sửa | I7: Đạt
A8: TC-03 | B8: Không hiển thị nút “Sửa” | C8: Quản lý HĐBH | D8: Quyền chỉnh sửa | E8: Hồ sơ đã duyệt năng lực | F8: Ngăn chỉnh sửa hồ sơ | G8: 1. Mở chi tiết hồ sơ 2. Quan sát góc trên bên phải | H8: Không hiển thị nút “Sửa” | I8: Đạt
A9: TC-04 | B9: Hiển thị đầy đủ Bản chào phí, Dự thảo HĐBH và tài liệu đính kèm | C9: Quản lý HĐBH | D9: Tài liệu đính kèm | E9: Hồ sơ có upload file | F9: Người dùng xem và tải tài liệu | G9: 1. Mở chi tiết hồ sơ 2. Quan sát khu vực tài liệu | H9: Danh sách file hiển thị đầy đủ; đúng tên file; đúng người upload; đúng ngày upload | I9: Đạt
A10: TC-05 | B10: Tải file Bản chào phí thành công | C10: Quản lý HĐBH | D10: Download file | E10: File tồn tại | F10: Cho phép tải file | G10: 1. Click icon tải file Bản chào phí | H10: File được tải thành công; nội dung đúng; không lỗi | I10: Đạt
A11: TC-06 | B11: Thay thế file Dự thảo HĐBH | C11: Quản lý HĐBH | D11: Thay file Dự thảo HĐBH | E11: Hồ sơ ở trạng thái Đã duyệt năng lực; user có quyền | F11: Cho phép thay file dự thảo sau khi đã duyệt năng lực | G11: 1. Click “Thay file khác” tại mục Dự thảo HĐBH 2. Chọn file mới | H11: Hiển thị popup cảnh báo thay file; cho phép tiếp tục hoặc hủy | I11: Đạt
A12: TC-07 | B12: Xác nhận thay file Dự thảo HĐBH | C12: Quản lý HĐBH | D12: Popup xác nhận | E12: Popup xác nhận đang hiển thị | F12: Người dùng xác nhận thay file | G12: 1. Tại popup, nhấn “Có” | H12: File Dự thảo HĐBH được thay thế bằng file mới; file cũ không còn hiệu lực; danh sách file cập nhật | I12: Đạt
A13: TC-08 | B13: Hủy thay file Dự thảo HĐBH | C13: Quản lý HĐBH | D13: Popup xác nhận | E13: Popup xác nhận đang hiển thị | F13: Người dùng hủy thao tác | G13: 1. Tại popup, nhấn “Đóng” | H13: Popup đóng; file Dự thảo HĐBH cũ được giữ nguyên; không có thay đổi dữ liệu | I13: Đạt
A14: TC-09 | B14: Hiển thị danh sách đề xuất công ty bảo hiểm và tỷ lệ | C14: Quản lý HĐBH | D14: Đề xuất công ty BH | E14: Có dữ liệu đề xuất | F14: Hiển thị kết quả duyệt năng lực | G14: 1. Mở chi tiết hồ sơ 2. Quan sát mục Đề xuất công ty BH | H14: Danh sách công ty hiển thị đúng; tỷ lệ nhận và tỷ lệ đồng bảo hiểm hiển thị đúng; các dòng được highlight theo trạng thái (được duyệt / không được duyệt) | I14: Đạt
A15: TC-10 | B15: Hiển thị tổng năng lực sau khi duyệt | C15: Quản lý HĐBH | D15: Tổng năng lực | E15: Hồ sơ đã duyệt năng lực | F15: Tổng năng lực phải đạt 100% | G15: 1. Quan sát dòng “TỔNG NĂNG LỰC” | H15: Tổng năng lực hiển thị = 100%; không cho chỉnh sửa | I15: Đạt
A16: TC-11 | B16: Hiển thị ghi chú trạng thái | C16: Quản lý HĐBH | D16: Ghi chú | E16: Hồ sơ có ghi chú | F16: Hiển thị thông tin ghi chú | G16: 1. Mở chi tiết hồ sơ 2. Quan sát trường Ghi chú | H16: Ghi chú hiển thị đúng nội dung (VD: “Đang trong quá trình chờ phê duyệt.” hoặc nội dung cập nhật) | I16: Đạt
... A20: TC-15 | B20: Truy cập trực tiếp URL chỉnh sửa | C20: Bảo mật | D20: Route protection | E20: Hồ sơ ở trạng thái Đã duyệt năng lực | F20: Ngăn chỉnh sửa trái phép | G20: 1. Copy URL trang sửa 2. Truy cập trực tiếp | H20: Hệ thống chặn truy cập; redirect về trang chi tiết hoặc hiển thị thông báo không có quyền | I20: Đạt

Sheet BeeOS-ChiTiết HĐ (Đã lưu BCHĐ)
B1: Tên chức năng | D1: Trang chi tiết Hợp Đồng (Đã lưu bản cứng hợp đồng ) | G1: Tổng TCs | H1: Đạt | I1: Không đạt | J1: Chưa xong
B2: Người tạo | D2: Levi | G2: =COUNTIF(A1:A200,"TC-??") -> 18 | H2: =COUNTIF(I4:I844,"Đạt") -> 18 | I2: =COUNTIF(G4:G862,"Không Đạt") -> 0 | J2: =COUNTIF(G4:G862,"Chưa Xong") -> 0
B3: Ngày Tạo | D3: 46003 | G3: =SUM(H3+I3+J3) -> 1 | H3: =H2/G2 -> 1 | I3: =I2/G2 -> 0 | J3: =J2/G2 -> 0
A5: ID | B5: Mô tả User Story | C5: Chức năng chính | D5: Chức năng con | E5: Điều kiện tiên quyết | F5: Mô tả | G5: Các bước thực hiện | H5: Kết quả mong đợi | I5: Kết quả thực tế
A6: TC-01 | B6: Xem chi tiết HĐBH ở trạng thái Đã lưu bản cứng HĐ | C6: Quản lý HĐBH | D6: Trang chi tiết HĐBH | E6: Hồ sơ tồn tại với trạng thái “Đã lưu bản cứng HĐ” | F6: Underwriter xem hồ sơ đã hoàn tất lưu bản cứng | G6: 1. Đăng nhập Underwriter 2. Vào danh sách HĐBH 3. Click hồ sơ trạng thái “Đã lưu bản cứng HĐ” | H6: Trang chi tiết hiển thị; nhãn trạng thái “Đã lưu bản cứng HĐ” hiển thị rõ; thông tin hồ sơ đầy đủ | I6: Đạt
A7: TC-02 | B7: Trang hiển thị ở chế độ read-only | C7: Quản lý HĐBH | D7: Read-only view | E7: Hồ sơ ở trạng thái Đã lưu bản cứng HĐ | F7: Không cho chỉnh sửa dữ liệu | G7: 1. Mở chi tiết hồ sơ 2. Quan sát các trường | H7: Tất cả trường chỉ đọc; không có input chỉnh sửa | I7: Đạt
A8: TC-03 | B8: Hiển thị đầy đủ tài liệu: Bản chào, Dự thảo, HĐBH scanned | C8: Quản lý HĐBH | D8: Tài liệu hợp đồng | E8: Hồ sơ có file upload | F8: Hiển thị các file đã lưu | G8: 1. Mở chi tiết hồ sơ 2. Quan sát khu vực tài liệu | H8: Hiển thị đầy đủ các khối: Bản chào phí, Dự thảo HĐBH, HĐBH bản scanned; đúng tên file | I8: Đạt
A9: TC-04 | B9: Tải file hợp đồng thành công | C9: Quản lý HĐBH | D9: Download file | E9: File tồn tại | F9: Cho phép tải file | G9: 1. Click icon tải tại file bất kỳ | H9: File tải thành công; nội dung đúng | I9: Đạt
A10: TC-05 | B10: Thay đổi công ty đứng đầu | C10: Quản lý HĐBH | D10: Thay đổi công ty đứng đầu | E10: Hồ sơ ở trạng thái Đã lưu bản cứng HĐ; user có quyền | F10: Cho phép thay đổi công ty đứng đầu sau khi lưu bản cứng | G10: 1. Tại mục Đề xuất công ty BH, chọn công ty khác làm công ty đứng đầu | H10: Hiển thị popup xác nhận “Thay đổi công ty đứng đầu” | I10: Đạt
A11: TC-06 | B11: Xác nhận thay đổi công ty đứng đầu | C11: Quản lý HĐBH | D11: Popup xác nhận | E11: Popup xác nhận đang hiển thị | F11: Người dùng xác nhận thay đổi | G11: 1. Trong popup, nhấn “Có” | H11: Công ty đứng đầu được cập nhật; UI refresh hiển thị đúng công ty mới | I11: Đạt
A12: TC-07 | B12: Hủy thay đổi công ty đứng đầu | C12: Quản lý HĐBH | D12: Popup xác nhận | E12: Popup xác nhận đang hiển thị | F12: Người dùng hủy thao tác | G12: 1. Trong popup, nhấn “Đóng” | H12: Popup đóng; công ty đứng đầu giữ nguyên | I12: Đạt
A13: TC-08 | B13: Thay file Dự thảo HĐBH | C13: Quản lý HĐBH | D13: Thay file | E13: Hồ sơ ở trạng thái Đã lưu bản cứng HĐ | F13: Cho phép thay file dự thảo | G13: 1. Click “Thay file khác” tại Dự thảo HĐBH | H13: Hiển thị popup cảnh báo thay file | I13: Đạt
A14: TC-09 | B14: Xác nhận thay file Dự thảo HĐBH | C14: Quản lý HĐBH | D14: Popup xác nhận | E14: Popup cảnh báo đang hiển thị | F14: Người dùng đồng ý thay file | G14: 1. Nhấn “Có” 2. Chọn file mới | H14: File mới được upload và thay thế file cũ; UI cập nhật | I14: Đạt
A15: TC-10 | B15: Hủy thay file Dự thảo HĐBH | C15: Quản lý HĐBH | D15: Popup xác nhận | E15: Popup cảnh báo đang hiển thị | F15: Người dùng hủy thao tác | G15: 1. Nhấn “Đóng” | H15: Không có thay đổi dữ liệu; file cũ vẫn giữ | I15: Đạt
A16: TC-11 | B16: Thay file HĐBH bản scanned | C16: Quản lý HĐBH | D16: Thay file | E16: Hồ sơ ở trạng thái Đã lưu bản cứng HĐ | F16: Cho phép thay file HĐBH scanned | G16: 1. Click “Thay file khác” tại HĐBH scanned | H16: Hiển thị popup cảnh báo thay file | I16: Đạt
... A23: TC-18 | B23: Phân quyền – user không có quyền thao tác | C23: Phân quyền | D23: Role validation | E23: User không đủ quyền | F23: Ngăn thao tác | G23: 1. Login role không được phép 2. Mở chi tiết hồ sơ | H23: Không hiển thị các nút thay đổi; thao tác bị chặn | I23: Đạt

Sheet BeeOS-ChiTiết HĐ (Phụ Lục)
B1: Tên chức năng | D1: Trang chi tiết Hợp Đồng Phụ Lục | G1: Tổng TCs | H1: Đạt | I1: Không đạt | J1: Chưa xong
B2: Người tạo | D2: Levi | G2: =COUNTIF(A1:A197,"TC-??") -> 18 | H2: =COUNTIF(I4:I844,"Đạt") -> 18 | I2: =COUNTIF(G4:G859,"Không Đạt") -> 0 | J2: =COUNTIF(G4:G859,"Chưa Xong") -> 0
B3: Ngày Tạo | D3: 46003 | G3: =SUM(H3+I3+J3) -> 1 | H3: =H2/G2 -> 1 | I3: =I2/G2 -> 0 | J3: =J2/G2 -> 0
A5: ID | B5: Mô tả User Story | C5: Chức năng chính | D5: Chức năng con | E5: Điều kiện tiên quyết | F5: Mô tả | G5: Các bước thực hiện | H5: Kết quả mong đợi | I5: Kết quả thực tế
A6: TC-01 | B6: Hiển thị nút điều hướng “Quay lại” | C6: Chi tiết phụ lục | D6: Điều hướng | E6: Người dùng mở màn Chi tiết phụ lục | F6: Nút “Quay lại” xuất hiện tại góc trái và cho phép quay về màn hình trước | G6: Mở màn Chi tiết phụ lục và quan sát góc trái | H6: Nút “Quay lại” hiển thị đúng và điều hướng về màn hình trước khi nhấn | I6: Đạt
A7: TC-02 | B7: Hiển thị tiêu đề đúng tên phụ lục | C7: Chi tiết phụ lục | D7: Tiêu đề | E7: Phụ lục có tên được lưu trong DB | F7: Tiêu đề hiển thị đúng tên đầy đủ của phụ lục | G7: Mở màn Chi tiết phụ lục và quan sát tiêu đề | H7: Tên phụ lục hiển thị đầy đủ, đúng chính xác và không bị cắt | I7: Đạt
A8: TC-03 | B8: Hiển thị trạng thái phụ lục | C8: Chi tiết phụ lục | D8: Hiển thị trạng thái | E8: Phụ lục có trạng thái hợp lệ | F8: Nhãn trạng thái hiển thị đúng theo DB (VD: Chờ duyệt phụ lục) | G8: Mở màn Chi tiết phụ lục | H8: Trạng thái hiển thị đúng và format màu đúng theo spec | I8: Đạt
A9: TC-04 | B9: Hiển thị mã tham chiếu phụ lục | C9: Chi tiết phụ lục | D9: Hiển thị thông tin | E9: Phụ lục có reference code | F9: Mã tham chiếu hiển thị đầy đủ và đúng định dạng | G9: Mở màn Chi tiết phụ lục | H9: Mã hiển thị đúng ví dụ “HD-202412-0001” | I9: Đạt
A10: TC-05 | B10: Hiển thị thông tin audit (thời gian cập nhật + liên kết xem lịch sử) | C10: Chi tiết phụ lục | D10: Audit log | E10: Có dữ liệu Last Updated | F10: Hiển thị “Lần cuối chỉnh sửa…” và link “Xem lịch sử chỉnh sửa” | G10: Mở màn Chi tiết phụ lục | H10: Thông tin audit hiển thị đúng, link hoạt động và điều hướng đến trang lịch sử | I10: Đạt
A11: TC-06 | B11: Hiển thị khung thông tin thay đổi (Thông tin phụ lục) | C11: Chi tiết phụ lục | D11: Hiển thị thông tin chi tiết | E11: Phụ lục có dữ liệu đã gửi ở bước 1 | F11: Bảng hiển thị đầy đủ các mục: Người được bảo hiểm đã thêm, Số tiền bảo hiểm, phí bổ sung, thuế, tổng phí, thời hạn thanh toán | G11: Mở màn Chi tiết phụ lục và quan sát khung dữ liệu | H11: Tất cả trường hiển thị đúng dữ liệu và format tiền/phần trăm/ngày đúng chuẩn | I11: Đạt
A12: TC-07 | B12: Kiểm tra format tiền tệ trong khung thông tin | C12: Chi tiết phụ lục | D12: UI tiền tệ | E12: Có số tiền cần hiển thị | F12: Các trường số tiền phải format phân cách nghìn | G12: Mở khung thông tin thay đổi | H12: Số hiển thị đúng format ví dụ 2.100.000.000 | I12: Đạt
A13: TC-08 | B13: Kiểm tra hiển thị màu sắc highlight cho giá trị mới | C13: Chi tiết phụ lục | D13: UI hiển thị | E13: Giá trị thay đổi có highlight | F13: Trường thay đổi phải hiển thị màu cam theo spec | G13: Mở màn Chi tiết phụ lục | H13: Giá trị thay đổi hiển thị màu nổi bật (cam) đúng spec | I13: Đạt
A14: TC-09 | B14: Kiểm tra chỉ đọc (read-only) thông tin phụ lục | C14: Chi tiết phụ lục | D14: Read-only | E14: User không ở chế độ chỉnh sửa | F14: Toàn bộ trường chỉ hiển thị, không cho chỉnh | G14: Mở màn Chi tiết phụ lục và thử tương tác | H14: Không có ô cho phép nhập hoặc chỉnh sửa | I14: Đạt
A15: TC-10 | B15: Kiểm tra hiển thị đúng công thức tính toán (phí bổ sung, thuế, tổng phí) | C15: Chi tiết phụ lục | D15: Kiểm tra công thức | E15: Phụ lục có dữ liệu tính toán | F15: Giá trị hiển thị khớp với công thức hệ thống | G15: Mở màn Chi tiết phụ lục và đối chiếu với giá trị tính toán | H15: Tất cả giá trị hiển thị khớp 100% với công thức backend | I15: Đạt
A16: TC-11 | B16: Hiển thị tiêu đề "Hợp đồng bảo hiểm" khi status = Đã duyệt năng lực | C16: Hợp đồng bảo hiểm | D16: Hiển thị mục | E16: Hồ sơ ở trạng thái Đã duyệt năng lực | F16: Hiển thị tiêu đề nhóm và icon đóng/mở | G16: Mở trang chi tiết hợp đồng ở trạng thái Đã duyệt năng lực; quan sát khu vực Hợp đồng bảo hiểm | H16: Tiêu đề "Hợp đồng bảo hiểm" hiển thị đúng và icon đóng/mở hoạt động | I16: Đạt
... A23: TC-18 | B23: Xem chi tiết hợp đồng phụ lục theo AC #1 | C23: Hợp đồng phụ lục | D23: Xem chi tiết | E23: Underwriter đang ở trang chi tiết hợp đồng và hợp đồng có ≥1 phụ lục | F23: Underwriter xem chi tiết một phụ lục từ danh sách phụ lục | G23: 1. Underwriter đang ở màn hình chi tiết hợp đồng; 2. Mở nhóm "Hợp đồng phụ lục"; 3. Nhấn nút "Xem chi tiết" ở một dòng phụ lục | H23: Hệ thống điều hướng sang màn hình Chi tiết phụ lục và hiển thị đầy đủ toàn bộ nội dung theo mô tả màn hình và thiết kế | I23: Đạt

Sheet BeeOS - Leader list phê duyệt
B1: Tên chức năng | D1: Leader trang list phê duyệt | G1: Tổng TCs | H1: Đạt | I1: Không đạt | J1: Chưa xong
B2: Người tạo | D2: Levi | G2: =COUNTIF(A1:A197,"TC-??") -> 15 | H2: =COUNTIF(I4:I844,"Đạt") -> 15 | I2: =COUNTIF(G4:G859,"Không Đạt") -> 0 | J2: =COUNTIF(G4:G859,"Chưa Xong") -> 0
B3: Ngày Tạo | D3: 46003 | G3: =SUM(H3+I3+J3) -> 1 | H3: =H2/G2 -> 1 | I3: =I2/G2 -> 0 | J3: =J2/G2 -> 0
A5: ID | B5: User Story | C5: Chức năng chính | D5: Chức năng con | E5: Điều kiện tiên quyết | F5: Mô tả | G5: Các bước thực hiện | H5: Kết quả mong đợi | I5: Kết quả thực tế
A6: TC-01 | B6: Là Leader, tôi muốn truy cập danh sách hồ sơ cần duyệt | C6: Phê duyệt cấp đơn | D6: Truy cập danh sách | E6: Leader đã đăng nhập | F6: Kiểm tra truy cập menu Cần duyệt | G6: 1. Vào menu “Phê duyệt cấp đơn” 2. Chọn “Cần duyệt” | H6: Hệ thống hiển thị danh sách hồ sơ đang chờ duyệt | I6: Đạt
A7: TC-02 | B7: Là Leader, tôi muốn xem số lượng hồ sơ cần duyệt | C7: Phê duyệt cấp đơn | D7: Hiển thị badge | E7: Có hồ sơ chờ duyệt | F7: Kiểm tra badge số lượng | G7: 1. Quan sát menu “Cần duyệt” | H7: Badge màu đỏ hiển thị đúng số lượng hồ sơ | I7: Đạt
A8: TC-03 | B8: Là Leader, tôi muốn xem tất cả hồ sơ | C8: Phê duyệt cấp đơn | D8: Tab Tất cả | E8: Đang ở màn hình Cần duyệt | F8: Kiểm tra tab “Tất cả” | G8: 1. Nhấn tab “Tất cả” | H8: Hiển thị toàn bộ hồ sơ chờ duyệt | I8: Đạt
A9: TC-04 | B9: Là Leader, tôi muốn lọc hồ sơ chờ duyệt công ty | C9: Phê duyệt cấp đơn | D9: Lọc theo loại | E9: Có dữ liệu “Chờ duyệt công ty” | F9: Kiểm tra tab lọc | G9: 1. Nhấn tab “Chờ duyệt công ty” | H9: Chỉ hiển thị hồ sơ đúng loại | I9: Đạt
A10: TC-05 | B10: Là Leader, tôi muốn lọc hồ sơ chờ duyệt năng lực | C10: Phê duyệt cấp đơn | D10: Lọc theo loại | E10: Có dữ liệu “Chờ duyệt năng lực” | F10: Kiểm tra tab lọc | G10: 1. Nhấn tab “Chờ duyệt năng lực” | H10: Chỉ hiển thị hồ sơ chờ duyệt năng lực | I10: Đạt
A11: TC-06 | B11: Là Leader, tôi muốn lọc hồ sơ chờ duyệt phụ lục | C11: Phê duyệt cấp đơn | D11: Lọc theo loại | E11: Có dữ liệu “Chờ duyệt phụ lục” | F11: Kiểm tra tab lọc | G11: 1. Nhấn tab “Chờ duyệt phụ lục” | H11: Chỉ hiển thị hồ sơ phụ lục | I11: Đạt
A12: TC-07 | B12: Là Leader, tôi muốn xem thông tin tổng quan mỗi hồ sơ | C12: Phê duyệt cấp đơn | D12: Hiển thị danh sách | E12: Đang ở màn hình danh sách | F12: Kiểm tra cột thông tin | G12: 1. Quan sát từng dòng | H12: Hiển thị đầy đủ: Status, Yêu cầu, Nội dung, Người đề xuất, Ngày tạo | I12: Đạt
A13: TC-08 | B13: Là Leader, tôi muốn phân biệt trạng thái bằng màu | C13: Phê duyệt cấp đơn | D13: Màu trạng thái | E13: Có nhiều trạng thái | F13: Kiểm tra hiển thị màu | G13: 1. Quan sát cột Status | H13: Màu hiển thị đúng: Cam/Xanh lá/Xanh dương | I13: Đạt
A14: TC-09 | B14: Là Leader, tôi muốn mở nhanh chi tiết để duyệt | C14: Phê duyệt cấp đơn | D14: Mở rộng nhanh | E14: Có hồ sơ trong danh sách | F14: Kiểm tra icon mở rộng | G14: 1. Nhấn icon mũi tên | H14: Mở panel/chi tiết phê duyệt nhanh | I14: Đạt
A15: TC-10 | B15: Là Leader, tôi muốn xem nội dung phê duyệt | C15: Phê duyệt cấp đơn | D15: Xem nội dung | E15: Đã mở chi tiết | F15: Kiểm tra nội dung | G15: 1. Quan sát nội dung phê duyệt | H15: Nội dung hiển thị đúng theo hồ sơ | I15: Đạt
A16: TC-11 | B16: Là Leader, tôi muốn truy cập danh sách đã duyệt | C16: Phê duyệt cấp đơn | D16: Xem lịch sử | E16: Có hồ sơ đã duyệt | F16: Kiểm tra menu Đã duyệt | G16: 1. Nhấn “Đã duyệt” | H16: Hiển thị danh sách hồ sơ đã xử lý | I16: Đạt
... A20: TC-15 | B20: Là Leader, tôi muốn đảm bảo bảo mật dữ liệu | C20: Phê duyệt cấp đơn | D20: Phân quyền | E20: User không phải Leader | F20: Kiểm tra phân quyền | G20: 1. Đăng nhập user thường 2. Truy cập menu | H20: Không thấy hoặc không truy cập được | I20: Đạt

Sheet BeeOS - Phê Duyệt CT (B1)
B1: Tên chức năng | D1: Leader Xem chi tiết và phê duyệt công ty (Phê Duyệt B1) | G1: Tổng TCs | H1: Đạt | I1: Không đạt | J1: Chưa xong
B2: Người tạo | D2: Levi | G2: =COUNTIF(A1:A197,"TC-??") -> 20 | H2: =COUNTIF(I4:I844,"Đạt") -> 20 | I2: =COUNTIF(G4:G859,"Không Đạt") -> 0 | J2: =COUNTIF(G4:G859,"Chưa Xong") -> 0
B3: Ngày Tạo | D3: 46003 | G3: =SUM(H3+I3+J3) -> 1 | H3: =H2/G2 -> 1 | I3: =I2/G2 -> 0 | J3: =J2/G2 -> 0
A5: ID | B5: User Story | C5: Chức năng chính | D5: Chức năng con | E5: Điều kiện tiên quyết | F5: Mô tả | G5: Các bước thực hiện | H5: Kết quả mong đợi | I5: Kết quả thực tế
A6: TC-01 | B6: Là Leader, tôi muốn mở xem nhanh hồ sơ cần duyệt | C6: Phê duyệt công ty | D6: Mở xem nhanh | E6: Hồ sơ ở trạng thái “Chờ duyệt công ty” | F6: Kiểm tra mở khung xem nhanh | G6: 1. Vào danh sách Cần duyệt 2. Nhấn icon mũi tên cuối dòng | H6: Khung thông tin tóm tắt được mở | I6: Đạt
A7: TC-02 | B7: Là Leader, tôi muốn xem đúng tiêu đề hồ sơ | C7: Phê duyệt công ty | D7: Hiển thị tiêu đề | E7: Đã mở xem nhanh | F7: Kiểm tra tiêu đề | G7: 1. Quan sát tiêu đề trên cùng | H7: Hiển thị đúng tên hồ sơ + năm | I7: Đạt
A8: TC-03 | B8: Là Leader, tôi muốn biết ai là người đề xuất | C8: Phê duyệt công ty | D8: Thông tin người đề xuất | E8: Đã mở xem nhanh | F8: Kiểm tra người đề xuất | G8: 1. Quan sát thông tin đầu trang | H8: Hiển thị đúng tên người đề xuất | I8: Đạt
A9: TC-04 | B9: Là Leader, tôi muốn kiểm tra trạng thái hiện tại | C9: Phê duyệt công ty | D9: Hiển thị trạng thái | E9: Hồ sơ chưa duyệt | F9: Kiểm tra trạng thái | G9: 1. Quan sát nhãn trạng thái | H9: Hiển thị “Chờ duyệt công ty”, đúng màu cam | I9: Đạt
A10: TC-05 | B10: Là Leader, tôi muốn xem nhanh giá trị tham gia BH | C10: Phê duyệt công ty | D10: Thẻ thông tin | E10: Có dữ liệu thống kê | F10: Kiểm tra thẻ Giá trị BH | G10: 1. Quan sát thẻ bên trái | H10: Hiển thị đúng tổng giá trị BH | I10: Đạt
A11: TC-06 | B11: Là Leader, tôi muốn xem nhanh tổng phí bảo hiểm | C11: Phê duyệt công ty | D11: Thẻ thông tin | E11: Có dữ liệu thống kê | F11: Kiểm tra thẻ Tổng phí | G11: 1. Quan sát thẻ Tổng phí | H11: Hiển thị đúng tổng phí BH | I11: Đạt
A12: TC-07 | B12: Là Leader, tôi muốn xem danh sách công ty đề xuất | C12: Phê duyệt công ty | D12: Danh sách công ty | E12: Có công ty được đề xuất | F12: Kiểm tra danh sách | G12: 1. Quan sát mục Công ty BH đề xuất | H12: Hiển thị đầy đủ các công ty được chọn | I12: Đạt
A13: TC-08 | B13: Là Leader, tôi muốn kiểm tra số lượng công ty đề xuất | C13: Phê duyệt công ty | D13: Validate dữ liệu | E13: Có ≥ 1 công ty | F13: Kiểm tra điều kiện | G13: 1. Quan sát danh sách | H13: Luôn có ít nhất 1 công ty | I13: Đạt
A14: TC-09 | B14: Là Leader, tôi muốn xem tỷ lệ phí đề xuất | C14: Phê duyệt công ty | D14: Tỷ lệ phí | E14: Có dữ liệu tỷ lệ | F14: Kiểm tra bảng tỷ lệ | G14: 1. Quan sát bảng Tỷ lệ phí BH | H14: Hiển thị đúng % theo từng phạm vi | I14: Đạt
A15: TC-10 | B15: Là Leader, tôi muốn đối chiếu tỷ lệ với lịch sử | C15: Phê duyệt công ty | D15: Biểu đồ lịch sử | E15: Có dữ liệu 2022–2024 | F15: Kiểm tra biểu đồ | G15: 1. Quan sát biểu đồ | H15: Biểu đồ hiển thị đúng dữ liệu theo năm | I15: Đạt
A16: TC-11 | B16: Là Leader, tôi muốn phát hiện tỷ lệ bất thường | C16: Phê duyệt công ty | D16: Case ẩn – nghiệp vụ | E16: Có dữ liệu chênh lệch | F16: Kiểm tra logic | G16: 1. So sánh tỷ lệ các năm | H16: Có thể nhận diện sự tăng/giảm bất thường | I16: Đạt
... A25: TC-20 | B25: Là Leader, tôi muốn dữ liệu không thay đổi khi reload | C25: Phê duyệt công ty | D25: Case ẩn – reload | E25: Đang xem nhanh | F25: Kiểm tra reload | G25: 1. Refresh trang | H25: Dữ liệu hiển thị không bị sai | I25: Đạt

Sheet BeeOS - Phê Duyệt NL (B2)
B1: Tên chức năng | C1: Leader Xem chi tiết và phê duyệt năng lực (Phê Duyệt B2) | F1: Tổng TCs | G1: Đạt | H1: Không đạt | I1: Chưa xong
B2: Người tạo | C2: Levi | F2: =COUNTIF(A1:A193,"TC-??") -> 23 | G2: =COUNTIF(I4:I844,"Đạt") -> 23 | H2: =COUNTIF(F4:F855,"Không Đạt") -> 0 | I2: =COUNTIF(F4:F855,"Chưa Xong") -> 0
B3: Ngày Tạo | C3: 46003 | F3: =SUM(G3+H3+I3) -> 1 | G3: =G2/F2 -> 1 | H3: =H2/F2 -> 0 | I3: =I2/F2 -> 0
A5: ID | B5: User Story | C5: Chức năng chính | D5: Chức năng con | E5: Điều kiện tiên quyết | F5: Mô tả | G5: Các bước thực hiện | H5: Kết quả mong đợi | I5: Kết quả thực tế
A6: TC-01 | B6: Là Leader, tôi muốn xác định đúng hồ sơ đang duyệt | C6: Phê duyệt năng lực | D6: Xác định hồ sơ | E6: Hồ sơ ở trạng thái “Chờ duyệt năng lực” | F6: Kiểm tra tiêu đề và mã HD | G6: 1. Mở màn hình chi tiết 2. Quan sát tiêu đề & mã tham chiếu | H6: Hiển thị đúng tên hợp đồng và mã HD | I6: Đạt
A7: TC-02 | B7: Là Leader, tôi muốn xem người đề xuất hồ sơ | C7: Phê duyệt năng lực | D7: Thông tin người tạo | E7: Hồ sơ tồn tại | F7: Kiểm tra người đề xuất | G7: 1. Quan sát thông tin đầu trang | H7: Hiển thị đúng tên người đề xuất | I7: Đạt
A8: TC-03 | B8: Là Leader, tôi muốn kiểm tra trạng thái hồ sơ | C8: Phê duyệt năng lực | D8: Trạng thái | E8: Hồ sơ chưa duyệt | F8: Kiểm tra nhãn trạng thái | G8: 1. Quan sát nhãn trạng thái | H8: Hiển thị “Chờ duyệt năng lực”, đúng màu | I8: Đạt
A9: TC-04 | B9: Là Leader, tôi muốn xem tổng quan tài chính | C9: Phê duyệt năng lực | D9: Thẻ thông tin | E9: Có dữ liệu thống kê | F9: Kiểm tra chỉ số | G9: 1. Quan sát 2 thẻ đầu trang | H9: Hiển thị đúng Giá trị BH và Tổng phí | I9: Đạt
A10: TC-05 | B10: Là Leader, tôi muốn tham khảo cơ cấu các công ty | C10: Phê duyệt năng lực | D10: Biểu đồ cơ cấu | E10: Có dữ liệu lịch sử | F10: Kiểm tra biểu đồ | G10: 1. Quan sát biểu đồ cơ cấu | H10: Biểu đồ hiển thị đúng theo năm | I10: Đạt
A11: TC-06 | B11: Là Leader, tôi muốn phân tích lịch sử khách hàng | C11: Phê duyệt năng lực | D11: Biểu đồ lịch sử | E11: Có dữ liệu 2022–2024 | F11: Đánh giá xu hướng | G11: 1. Quan sát biểu đồ lịch sử | H11: Dữ liệu hiển thị đầy đủ, không sai lệch | I11: Đạt
A12: TC-07 | B12: Là Leader, tôi muốn xem danh sách công ty đề xuất | C12: Phê duyệt năng lực | D12: Danh sách công ty | E12: Có ≥1 công ty | F12: Kiểm tra danh sách | G12: 1. Quan sát bảng quyết định | H12: Hiển thị đầy đủ các công ty | I12: Đạt
A13: TC-08 | B13: Là Leader, tôi muốn chỉnh tỷ lệ tham gia | C13: Phê duyệt năng lực | D13: Chỉnh tỷ lệ | E13: Có quyền Leader | F13: Sửa trực tiếp tỷ lệ | G13: 1. Nhập % mới vào ô tỷ lệ | H13: Hệ thống tự tính lại năng lực | I13: Đạt
A14: TC-09 | B14: Là Leader, tôi không được nhập % âm | C14: Phê duyệt năng lực | D14: validate | E14: Ô nhập liệu mở | F14: Kiểm tra validate | G14: 1. Nhập giá trị âm | H14: Hệ thống chặn và hiển thị lỗi | I14: Đạt
A15: TC-10 | B15: Là Leader, tôi không được nhập % > 100 | C15: Phê duyệt năng lực | D15: validate | E15: Ô nhập liệu mở | F15: Kiểm tra validate | G15: 1. Nhập 101 | H15: Hệ thống chặn và cảnh báo | I15: Đạt
A16: TC-11 | B16: Là Leader, tôi muốn tổng tỷ lệ = 100% | C16: Phê duyệt năng lực | D16: nghiệp vụ | E16: Có ≥2 công ty | F16: Kiểm tra tổng | G16: 1. Nhập tổng ≠ 100 | H16: Hệ thống cảnh báo không cho duyệt | I16: Đạt
... A28: TC-23 | B28: Là Leader, tôi muốn dữ liệu không đổi khi reload | C28: Phê duyệt năng lực | D28: reload | E28: Đang chỉnh | F28: Kiểm tra reload | G28: 1. Refresh trang | H28: Dữ liệu được giữ đúng | I28: Đạt

Sheet BeeOS - Phê Duyệt Phụ Lục
B1: Tên chức năng | C1: Leader Xem chi tiết và phê duyệt Phụ Lục | F1: Tổng TCs | G1: Đạt | H1: Không đạt | I1: Chưa xong
B2: Người tạo | C2: Levi | F2: =COUNTIF(A1:A178,"TC-??") -> 15 | G2: =COUNTIF(I4:I844,"Đạt") -> 15 | H2: =COUNTIF(F4:F840,"Không Đạt") -> 0 | I2: =COUNTIF(F4:F840,"Chưa Xong") -> 0
B3: Ngày Tạo | C3: 46003 | F3: =SUM(G3+H3+I3) -> 1 | G3: =G2/F2 -> 1 | H3: =H2/F2 -> 0 | I3: =I2/F2 -> 0
A5: ID | B5: User Story | C5: Chức năng chính | D5: Chức năng con | E5: Điều kiện tiên quyết | F5: Mô tả | G5: Các bước thực hiện | H5: Kết quả mong đợi | I5: Kết quả thực tế
A6: TC-01 | B6: Leader phê duyệt phụ lục | C6: Phê duyệt phụ lục | D6: Hiển thị tiêu đề phụ lục | E6: Leader đã đăng nhập; Hồ sơ ở trạng thái Chờ duyệt phụ lục | F6: Kiểm tra hiển thị đúng tiêu đề phụ lục | G6: 1. Truy cập danh sách Cần duyệt; 2. Mở hồ sơ phụ lục | H6: Hiển thị đúng tiêu đề phụ lục dạng “Bổ sung bảo hiểm cho các hạng mục…” | I6: Đạt
A7: TC-02 | B7: Leader phê duyệt phụ lục | C7: Phê duyệt phụ lục | D7: Hiển thị trạng thái | E7: Hồ sơ ở trạng thái chờ duyệt | F7: Kiểm tra trạng thái phụ lục | G7: 1. Mở chi tiết phụ lục | H7: Nhãn trạng thái hiển thị Chờ duyệt phụ lục | I7: Đạt
A8: TC-03 | B8: Leader phê duyệt phụ lục | C8: Phê duyệt phụ lục | D8: Hiển thị người đề xuất | E8: Có thông tin người tạo | F8: Kiểm tra thông tin người đề xuất | G8: 1. Mở chi tiết phụ lục | H8: Hiển thị đúng tên Người đề xuất | I8: Đạt
A9: TC-04 | B9: Leader phê duyệt phụ lục | C9: Phê duyệt phụ lục | D9: Hiển thị ngày tạo hồ sơ | E9: Có ngày tạo | F9: Kiểm tra ngày tạo hồ sơ | G9: 1. Mở chi tiết phụ lục | H9: Hiển thị đúng Ngày tạo hồ sơ | I9: Đạt
A10: TC-05 | B10: Leader phê duyệt phụ lục | C10: Phê duyệt phụ lục | D10: Link hợp đồng gốc | E10: Phụ lục có hợp đồng gốc | F10: Truy xuất hợp đồng gốc | G10: 1. Nhấn link Tên hợp đồng chính | H10: Điều hướng sang màn hình chi tiết hợp đồng gốc | I10: Đạt
A11: TC-06 | B11: Leader phê duyệt phụ lục | C11: Phê duyệt phụ lục | D11: Tóm tắt nội dung phụ lục | E11: Có dữ liệu phụ lục | F11: Kiểm tra nội dung tóm tắt | G11: 1. Quan sát khối Tóm tắt nội dung phụ lục | H11: Hiển thị đầy đủ các mục: tăng/giảm STBH; hiệu lực; tỷ lệ phí | I11: Đạt
A12: TC-07 | B12: Leader phê duyệt phụ lục | C12: Phê duyệt phụ lục | D12: Hiển thị phí hiện tại | E12: Có hợp đồng gốc | F12: Kiểm tra phí hiện tại | G12: 1. Xem mục Phí bảo hiểm | H12: Hiển thị đúng Phí bảo hiểm hiện tại (bao gồm VAT) | I12: Đạt
A13: TC-08 | B13: Leader phê duyệt phụ lục | C13: Phê duyệt phụ lục | D13: Hiển thị phí điều chỉnh | E13: Có điều chỉnh phí | F13: Kiểm tra phí điều chỉnh | G13: 1. Xem dòng Phí bảo hiểm điều chỉnh / bổ sung | H13: Hiển thị đúng giá trị điều chỉnh | I13: Đạt
A14: TC-09 | B14: Leader phê duyệt phụ lục | C14: Phê duyệt phụ lục | D14: Hiển thị phí phải thanh toán | E14: Có phát sinh tiền | F14: Kiểm tra số tiền cần thanh toán | G14: 1. Xem dòng Phí phải thanh toán còn lại | H14: Hiển thị đúng số tiền cần thu thêm hoặc hoàn trả | I14: Đạt
A15: TC-10 | B15: Leader phê duyệt phụ lục | C15: Phê duyệt phụ lục | D15: Hiển thị ngày hết hạn | E15: Có ngày hết hạn | F15: Kiểm tra ngày hết hạn hợp đồng | G15: 1. Quan sát trường Ngày hết hạn hợp đồng | H15: Hiển thị đúng định dạng ngày giờ | I15: Đạt
A16: TC-11 | B16: Leader phê duyệt phụ lục | C16: Phê duyệt phụ lục | D16: Ghi chú người đề xuất | E16: Có ghi chú | F16: Đọc ghi chú nghiệp vụ | G16: 1. Xem mục Ghi chú của người đề xuất | H16: Hiển thị đầy đủ nội dung ghi chú | I16: Đạt
... A20: TC-15 | B20: Leader phê duyệt phụ lục | C20: Phê duyệt phụ lục | D20: Toàn vẹn dữ liệu | E20: Dữ liệu đầy đủ | F20: Kiểm tra tính nhất quán | G20: 1. So sánh số liệu giữa các khối | H20: Các số liệu khớp logic, không mâu thuẫn | I20: Đạt

Sheet BeeOS - Leader Trang Đã duyệt
B1: Tên chức năng | C1: Leader Trang Đã duyệt | F1: Tổng TCs | G1: Đạt | H1: Không đạt | I1: Chưa xong
B2: Người tạo | C2: Levi | F2: =COUNTIF(A1:A178,"TC-??") -> 15 | G2: =COUNTIF(I4:I844,"Đạt") -> 15 | H2: =COUNTIF(F4:F840,"Không Đạt") -> 0 | I2: =COUNTIF(F4:F840,"Chưa Xong") -> 0
B3: Ngày Tạo | C3: 46003 | F3: =SUM(G3+H3+I3) -> 1 | G3: =G2/F2 -> 1 | H3: =H2/F2 -> 0 | I3: =I2/F2 -> 0
A5: ID | B5: User Story | C5: Chức năng chính | D5: Chức năng con | E5: Điều kiện tiên quyết | F5: Mô tả | G5: Các bước thực hiện | H5: Kết quả mong đợi | I5: Kết quả thực tế
A6: TC-01 | B6: Leader/Admin xem lịch sử phê duyệt | C6: Phê duyệt cấp đơn | D6: Truy cập danh sách đã duyệt | E6: Người dùng đã đăng nhập với quyền Leader/Admin | F6: Truy cập màn hình Đã duyệt | G6: 1. Mở menu bên trái; 2. Chọn Phê duyệt cấp đơn; 3. Chọn Đã duyệt | H6: Màn hình hiển thị danh sách các hồ sơ đã phê duyệt | I6: Đạt
A7: TC-02 | B7: Leader/Admin xem lịch sử phê duyệt | C7: Phê duyệt cấp đơn | D7: Hiển thị tab mặc định | E7: Có dữ liệu đã duyệt | F7: Kiểm tra tab mặc định | G7: 1. Truy cập màn hình Đã duyệt | H7: Tab Tất cả được chọn mặc định | I7: Đạt
A8: TC-03 | B8: Leader/Admin lọc hồ sơ đã duyệt | C8: Phê duyệt cấp đơn | D8: Lọc theo loại phê duyệt | E8: Có nhiều loại phê duyệt | F8: Lọc theo từng loại | G8: 1. Nhấn tab Đã duyệt công ty | H8: Danh sách chỉ hiển thị hồ sơ đã duyệt công ty | I8: Đạt
A9: TC-04 | B9: Leader/Admin lọc hồ sơ đã duyệt | C9: Phê duyệt cấp đơn | D9: Lọc theo loại phê duyệt | E9: Có dữ liệu tương ứng | F9: Lọc duyệt năng lực | G9: 1. Nhấn tab Đã duyệt năng lực | H9: Chỉ hiển thị hồ sơ đã duyệt năng lực | I9: Đạt
A10: TC-05 | B10: Leader/Admin lọc hồ sơ đã duyệt | C10: Phê duyệt cấp đơn | D10: Lọc theo loại phê duyệt | E10: Có dữ liệu phụ lục | F10: Lọc duyệt phụ lục | G10: 1. Nhấn tab Đã duyệt phụ lục | H10: Chỉ hiển thị hồ sơ đã duyệt phụ lục | I10: Đạt
A11: TC-06 | B11: Leader/Admin tra cứu hồ sơ | C11: Phê duyệt cấp đơn | D11: Tìm kiếm hồ sơ | E11: Có dữ liệu trong danh sách | F11: Tìm kiếm theo từ khóa | G11: 1. Nhập mã tham chiếu hoặc nội dung hợp đồng vào ô tìm kiếm | H11: Danh sách lọc đúng hồ sơ phù hợp | I11: Đạt
A12: TC-07 | B12: Leader/Admin tra cứu hồ sơ | C12: Phê duyệt cấp đơn | D12: Tìm kiếm không có kết quả | E12: Không có dữ liệu phù hợp | F12: Tìm kiếm sai từ khóa | G12: 1. Nhập từ khóa không tồn tại | H12: Danh sách hiển thị rỗng hoặc thông báo không có dữ liệu | I12: Đạt
A13: TC-08 | B13: Leader/Admin xem thông tin hồ sơ | C13: Phê duyệt cấp đơn | D13: Hiển thị cột Trạng thái | E13: Có dữ liệu | F13: Kiểm tra trạng thái | G13: 1. Quan sát cột Trạng thái | H13: Trạng thái hiển thị đúng (Đã duyệt công ty / năng lực / phụ lục) và đúng màu | I13: Đạt
A14: TC-09 | B14: Leader/Admin xem thông tin hồ sơ | C14: Phê duyệt cấp đơn | D14: Hiển thị loại yêu cầu | E14: Có dữ liệu | F14: Kiểm tra loại nghiệp vụ | G14: 1. Quan sát cột Yêu cầu | H14: Hiển thị đúng: Cấp mới / Tái tục / Phụ lục | I14: Đạt
A15: TC-10 | B15: Leader/Admin xem thông tin hồ sơ | C15: Phê duyệt cấp đơn | D15: Hiển thị nội dung phê duyệt | E15: Có dữ liệu | F15: Kiểm tra nội dung phê duyệt | G15: 1. Quan sát cột Nội dung phê duyệt | H15: Hiển thị đúng nội dung hợp đồng | I15: Đạt
A16: TC-11 | B16: Leader/Admin xem thông tin hồ sơ | C16: Phê duyệt cấp đơn | D16: Hiển thị người tạo | E16: Có dữ liệu | F16: Kiểm tra người tạo | G16: 1. Quan sát cột Người tạo | H16: Hiển thị đúng tên người tạo hồ sơ | I16: Đạt
... A20: TC-15 | B20: Leader/Admin kiểm tra quyền | C20: Phê duyệt cấp đơn | D20: Không cho chỉnh sửa | E20: Hồ sơ đã duyệt | F20: Kiểm tra quyền thao tác | G20: 1. Mở chi tiết hồ sơ đã duyệt | H20: Không hiển thị nút Sửa/Phê duyệt | I20: Đạt

Sheet BeeOS - Email và Tin nhắn Zalo
B1: Tên chức năng | C1: Email và thông báo Zalo | F1: Tổng TCs | G1: Đạt | H1: Không đạt | I1: Chưa xong
B2: Người tạo | C2: Levi | F2: =COUNTIF(A1:A180,"TC-??") -> 27 | G2: =COUNTIF(I4:I844,"Đạt") -> 27 | H2: =COUNTIF(F4:F842,"Không Đạt") -> 0 | I2: =COUNTIF(F4:F842,"Chưa Xong") -> 0
B3: Ngày Tạo | C3: 46003 | F3: =SUM(G3+H3+I3) -> 1 | G3: =G2/F2 -> 1 | H3: =H2/F2 -> 0 | I3: =I2/F2 -> 0
A5: ID | B5: Mô tả User Story | C5: Chức năng chính | D5: Chức năng con | E5: Điều kiện tiên quyết | F5: Mô tả | G5: Các bước thực hiện | H5: Kết quả mong đợi | I5: Kết quả thực tế
A6: TC-01 | B6: Gửi email xác nhận thanh toán đúng lịch | C6: Email xác nhận thanh toán | D6: Gửi tự động theo lịch | E6: Hợp đồng có kỳ hạn thanh toán và có email Công ty BH | F6: Hệ thống tự động gửi email nhắc xác nhận thanh toán trong 5 ngày trước hạn | G6: 1. Tạo hợp đồng có hạn thanh toán; 2. Chạy lịch gửi; 3. Theo dõi email từ ngày -5 đến Deadline | H6: Email gửi đúng 5 ngày liên tiếp; dừng nếu CTBH xác nhận | I6: Đạt
A7: TC-02 | B7: Kiểm tra nội dung email xác nhận thanh toán đúng mẫu | C7: Email xác nhận thanh toán | D7: Nội dung email | E7: Email đã được gửi | F7: Email phải chứa đầy đủ thông tin và đúng định dạng | G7: 1. Mở email đã gửi; 2. Kiểm tra các phần: tên khách hàng, mã hợp đồng, số tiền, deadline, link xác nhận | H7: Nội dung email đúng mẫu, thông tin hiển thị chính xác | I7: Đạt
A8: TC-03 | B8: Kiểm tra link xác nhận thanh toán hoạt động | C8: Email xác nhận thanh toán | D8: Link xác nhận | E8: Email đã được gửi và CTBH click link | F8: Link xác nhận phải cập nhật trạng thái thanh toán | G8: 1. Click link trong email; 2. Quan sát hệ thống | H8: Hệ thống chuyển trạng thái sang “Đã xác nhận thanh toán” và dừng gửi nhắc | I8: Đạt
A9: TC-04 | B9: Xử lý lỗi khi gửi email | C9: Email xác nhận thanh toán | D9: Lỗi gửi email | E9: Email CTBH bị sai hoặc không tồn tại | F9: Hệ thống ghi log lỗi nhưng không bị treo | G9: 1. Thiết lập email sai; 2. Chạy gửi | H9: Hệ thống ghi log lỗi; việc gửi các email khác vẫn hoạt động bình thường | I9: Đạt
A10: TC-05 | B10: Gửi email đúng quy tắc theo loại hợp đồng | C10: Email xác nhận thanh toán | D10: Quy tắc ngày gửi | E10: HĐ 1 năm <300M, HĐ 1 năm >300M, HĐ 2 năm | F10: Hệ thống gửi email theo đúng ngày trong từng kỳ | G10: 1. Tạo 3 hợp đồng; 2. Chạy lịch; 3. Quan sát email | H10: Các kỳ gửi đúng theo bảng quy tắc ngày gửi đã xác định | I10: Đạt
A11: TC-06 | B11: Gửi tin nhắn Đề xuất cấp đơn đến Leader | C11: Tin nhắn Zalo | D11: Đề xuất cấp đơn | E11: Underwriter gửi đề xuất cấp đơn | F11: Leader nhận tin nhắn tóm tắt thông tin hồ sơ | G11: 1. Underwriter gửi đề xuất; 2. Kiểm tra tin nhắn Leader | H11: Tin nhắn hiển thị: tên nhân viên, loại bảo hiểm, địa điểm, giá trị BH, tỉ lệ phí, link phê duyệt | I11: Đạt
A12: TC-07 | B12: Gửi tin nhắn Phê duyệt đề xuất cấp đơn đến nhân viên | C12: Tin nhắn Zalo | D12: Phê duyệt đề xuất cấp đơn | E12: Leader phê duyệt đề xuất | F12: Nhân viên nhận tin nhắn thông báo phê duyệt | G12: 1. Leader bấm phê duyệt; 2. Kiểm tra tin nhắn nhân viên | H12: Tin nhắn hiển thị danh sách công ty bảo hiểm đã duyệt và nút tải bản chào phí | I12: Đạt
A13: TC-08 | B13: Gửi tin nhắn Báo cáo năng lực bảo hiểm đến Leader | C13: Tin nhắn Zalo | D13: Báo cáo năng lực bảo hiểm | E13: Underwriter gửi báo cáo năng lực | F13: Tin nhắn thể hiện tổng năng lực và phần trăm từng công ty | G13: 1. Underwriter gửi báo cáo; 2. Kiểm tra tin nhắn Leader | H13: Tin nhắn hiển thị tổng %, % từng công ty, link phê duyệt | I13: Đạt
A14: TC-09 | B14: Gửi tin nhắn Phê duyệt năng lực bảo hiểm đến nhân viên | C14: Tin nhắn Zalo | D14: Phê duyệt năng lực bảo hiểm | E14: Leader duyệt năng lực | F14: Nhân viên nhận tin nhắn thông báo kết quả | G14: 1. Leader duyệt năng lực; 2. Kiểm tra tin nhắn nhân viên | H14: Tin nhắn hiển thị danh sách công ty và tỉ lệ được duyệt, cùng link xem kết quả | I14: Đạt
A15: TC-10 | B15: Gửi email nhắc tái tục đúng thời điểm | C15: Email nhắc tái tục | D15: Gửi theo thời gian | E15: HĐ sắp hết hạn | F15: Hệ thống gửi email nhắc tái tục theo đúng quy tắc | G15: 1. Tạo hợp đồng chuẩn; 2. Chạy lịch gửi | H15: Email gửi đúng thời điểm: <10 tỉ trước 45 ngày, >10 tỉ trước 90 ngày | I15: Đạt
A16: TC-11 | B16: Gửi email xác nhận thanh toán cho hợp đồng 1 năm dưới 300 triệu – Kỳ 1 | C16: Email xác nhận thanh toán | D16: Gửi theo ngày quy định | E16: Hợp đồng 1 năm dưới 300 triệu, có email công ty bảo hiểm | F16: Hệ thống gửi email nhắc xác nhận thanh toán từ ngày thứ 25 đến ngày thứ 30 trước hạn thanh toán | G16: 1) Tạo hợp đồng có hạn thanh toán; 2) Chạy chức năng gửi nhắc theo thời gian; 3) Theo dõi email công ty bảo hiểm trong ngày 25→30 | H16: Email được gửi mỗi ngày từ ngày thứ 25 đến ngày thứ 30; nếu công ty bảo hiểm xác nhận thì không gửi nữa | I16: Đạt
... A32: TC-27 | B32: Là Underwriter, tôi muốn xem lại hồ sơ đã được phê duyệt từ Zalo | C32: Gửi thông báo Zalo | D32: Button Xem hồ sơ | E32: Tin nhắn Zalo phê duyệt đã được gửi | F32: Kiểm tra button “Xem hồ sơ” trong tin nhắn phê duyệt | G32: 1. Underwriter mở tin nhắn Zalo; 2. Nhấn “Xem hồ sơ” | H32: Mở đúng hồ sơ Phụ lục ở trạng thái đã phê duyệt;Chế độ chỉ xem (read-only) | I32: Đạt

Sheet BeeOS - Tạo Bồi Thường
B1: Tên chức năng | C1: Tạo Bồi Thường | F1: Tổng TCs | G1: Đạt | H1: Không đạt | I1: Chưa xong
B2: Người tạo | C2: Levi | F2: =COUNTIF(A1:A181,"TC-??") -> 14 | G2: =COUNTIF(I4:I844,"Đạt") -> 14 | H2: =COUNTIF(F4:F843,"Không Đạt") -> 0 | I2: =COUNTIF(F4:F843,"Chưa Xong") -> 0
B3: Ngày Tạo | C3: 46016 | F3: =SUM(G3+H3+I3) -> 1 | G3: =G2/F2 -> 1 | H3: =H2/F2 -> 0 | I3: =I2/F2 -> 0
A5: ID | B5: User Story | C5: Chức năng chính | D5: Chức năng con | E5: Điều kiện tiên quyết | F5: Mô tả | G5: Các bước thực hiện | H5: Kết quả mong đợi | I5: Kết quả thực tế
A6: TC-01 | B6: Claim user tạo hồ sơ bồi thường | C6: Bồi thường | D6: Truy cập tạo bồi thường | E6: Người dùng đăng nhập với quyền Claim | F6: Truy cập màn hình tạo bồi thường | G6: 1. Mở menu bên trái; 2. Chọn Bồi thường; 3. Chọn Tạo bồi thường | H6: Màn hình “Tạo bồi thường” hiển thị form nhập liệu | I6: Đạt
A7: TC-02 | B7: Claim user tạo hồ sơ bồi thường | C7: Bồi thường | D7: Hiển thị form mặc định | E7: Truy cập thành công màn hình | F7: Kiểm tra trạng thái ban đầu | G7: 1. Quan sát form khi vừa mở | H7: Các trường Địa điểm, Nhóm tổn thất, Ngày phát sinh, Tóm tắt sự cố hiển thị rỗng | I7: Đạt
A8: TC-03 | B8: Claim user chọn địa điểm | C8: Bồi thường | D8: Chọn Địa điểm | E8: Có hợp đồng bảo hiểm tồn tại | F8: Chọn địa điểm xảy ra tổn thất | G8: 1. Click dropdown Địa điểm; 2. Chọn 1 địa điểm | H8: Địa điểm được chọn và hiển thị đúng | I8: Đạt
A9: TC-04 | B9: Claim user chọn địa điểm | C9: Bồi thường | D9: Validate bắt buộc Địa điểm | E9: Chưa chọn địa điểm | F9: Tạo bồi thường khi thiếu địa điểm | G9: 1. Không chọn Địa điểm; 2. Nhấn Tạo bồi thường | H9: Hệ thống cảnh báo trường Địa điểm là bắt buộc | I9: Đạt
A10: TC-05 | B10: Claim user xem thông tin hợp đồng | C10: Bồi thường | D10: Hiển thị thông tin hợp đồng | E10: Đã chọn Địa điểm | F10: Kiểm tra panel thông tin bên phải | G10: 1. Chọn Địa điểm | H10: Thông tin hợp đồng tương ứng hiển thị (loại BH, thời hạn, người được BH…) | I10: Đạt
A11: TC-06 | B11: Claim user chọn nhóm tổn thất | C11: Bồi thường | D11: Chọn Nhóm tổn thất | E11: Đã chọn địa điểm | F11: Chọn nhóm rủi ro | G11: 1. Click dropdown Nhóm tổn thất; 2. Chọn giá trị (ví dụ: Kính) | H11: Nhóm tổn thất được hiển thị đúng | I11: Đạt
A12: TC-07 | B12: Claim user chọn nhóm tổn thất | C12: Bồi thường | D12: Validate bắt buộc Nhóm tổn thất | E12: Chưa chọn nhóm tổn thất | F12: Tạo bồi thường khi thiếu nhóm tổn thất | G12: 1. Không chọn Nhóm tổn thất; 2. Nhấn Tạo bồi thường | H12: Hệ thống hiển thị cảnh báo bắt buộc | I12: Đạt
A13: TC-08 | B13: Claim user nhập ngày phát sinh | C13: Bồi thường | D13: Nhập Ngày phát sinh | E13: Đã vào màn hình tạo | F13: Chọn ngày xảy ra sự cố | G13: 1. Click ô Ngày phát sinh; 2. Chọn ngày trên lịch | H13: Ngày được hiển thị đúng định dạng | I13: Đạt
A14: TC-09 | B14: Claim user nhập ngày phát sinh | C14: Bồi thường | D14: Validate ngày phát sinh | E14: Ngày phát sinh lớn hơn ngày hiện tại | F14: Nhập ngày không hợp lệ | G14: 1. Chọn ngày trong tương lai; 2. Nhấn Tạo bồi thường | H14: Hệ thống cảnh báo ngày phát sinh không hợp lệ | I14: Đạt
A15: TC-10 | B15: Claim user nhập mô tả sự cố | C15: Bồi thường | D15: Nhập Tóm tắt sự cố | E15: Đã chọn địa điểm | F15: Nhập nội dung mô tả | G15: 1. Nhập text vào Tóm tắt sự cố | H15: Nội dung được nhập và hiển thị đầy đủ | I15: Đạt
A16: TC-11 | B16: Claim user tạo hồ sơ bồi thường | C16: Bồi thường | D16: Validate dữ liệu thiếu | E16: Thiếu nhiều trường bắt buộc | F16: Kiểm tra validate tổng thể | G16: 1. Không nhập dữ liệu; 2. Nhấn Tạo bồi thường | H16: Hệ thống hiển thị cảnh báo cho từng trường bắt buộc | I16: Đạt
... A19: TC-14 | B19: Claim user tạo hồ sơ bồi thường | C19: Bồi thường | D19: Điều hướng sau khi tạo | E19: Tạo thành công | F19: Kiểm tra điều hướng | G19: 1. Tạo bồi thường thành công | H19: Hệ thống chuyển sang màn hình chi tiết hoặc danh sách | I19: Đạt

Sheet BeeOS - Dashboard Bồi Thường
B1: Tên chức năng | C1: Dashboard Bồi Thường | F1: Tổng TCs | G1: Đạt | H1: Không đạt | I1: Chưa xong
B2: Người tạo | C2: Levi | F2: =COUNTIF(A1:A181,"TC-??") -> 13 | G2: =COUNTIF(I4:I844,"Đạt") -> 13 | H2: =COUNTIF(F4:F843,"Không Đạt") -> 0 | I2: =COUNTIF(F4:F843,"Chưa Xong") -> 0
B3: Ngày Tạo | C3: 46016 | F3: =SUM(G3+H3+I3) -> 1 | G3: =G2/F2 -> 1 | H3: =H2/F2 -> 0 | I3: =I2/F2 -> 0
A5: ID | B5: User Story | C5: Chức năng chính | D5: Chức năng con | E5: Điều kiện tiên quyết | F5: Mô tả | G5: Các bước thực hiện | H5: Kết quả mong đợi | I5: Kết quả thực tế
A6: TC-01 | B6: Là nhân viên bồi thường, tôi muốn xem Dashboard để nắm tổng quan | C6: Dashboard | D6: Truy cập Dashboard | E6: Người dùng đã đăng nhập với role Bồi thường | F6: Kiểm tra hiển thị Dashboard mặc định sau đăng nhập | G6: 1. Đăng nhập hệ thống2. Không thao tác thêm | H6: Dashboard hiển thị mặc định;Hiển thị các thẻ thống kê và biểu đồ | I6: Đạt
A7: TC-02 | B7: Là nhân viên bồi thường, tôi muốn theo dõi số vụ cần xem xét | C7: Dashboard | D7: Vụ cần xem xét | E7: Có dữ liệu bồi thường tồn tại | F7: Kiểm tra thẻ “Những vụ cần xem xét” | G7: 1. Truy cập Dashboard2. Quan sát thẻ “Những vụ cần xem xét” | H7: Hiển thị đúng số lượng hồ sơ chưa đóng quá 180 ngày | I7: Đạt
A8: TC-03 | B8: Là nhân viên bồi thường, tôi muốn tìm kiếm nhanh hồ sơ | C8: Dashboard | D8: Tìm kiếm nhanh | E8: Có hồ sơ bồi thường trong hệ thống | F8: Tìm kiếm hồ sơ bằng từ khóa | G8: 1. Nhập mã hồ sơ vào ô tìm kiếm2. Nhấn Enter | H8: Danh sách kết quả đúng với từ khóa;Không reload toàn trang | I8: Đạt
A9: TC-04 | B9: Là nhân viên bồi thường, tôi muốn theo dõi hồ sơ đủ giấy tờ | C9: Dashboard | D9: Đủ hồ sơ chờ thông báo | E9: Có hồ sơ ở trạng thái “Đã đủ hồ sơ” | F9: Kiểm tra thẻ “Đủ hồ sơ nhưng chưa có thông báo bồi thường” | G9: 1. Truy cập Dashboard2. Quan sát thẻ tương ứng | H9: Số lượng hiển thị đúng với dữ liệu hệ thống | I9: Đạt
A10: TC-05 | B10: Là nhân viên bồi thường, tôi muốn theo dõi hồ sơ chờ nhận tiền | C10: Dashboard | D10: Chờ nhận tiền | E10: Có hồ sơ đã thông báo bồi thường | F10: Kiểm tra thẻ “Có thông báo bồi thường nhưng chưa nhận tiền” | G10: 1. Truy cập Dashboard2. Quan sát thẻ chờ nhận tiền | H10: Số lượng phản ánh đúng hồ sơ đã chốt phương án | I10: Đạt
A11: TC-06 | B11: Là nhân viên bồi thường, tôi muốn xem biểu đồ tổng quan | C11: Dashboard | D11: Biểu đồ bồi thường | E11: Có dữ liệu bồi thường năm hiện tại | F11: Kiểm tra biểu đồ “Yêu cầu bồi thường năm” | G11: 1. Truy cập Dashboard2. Quan sát biểu đồ tròn | H11: Biểu đồ hiển thị đúng tỷ lệ từng trạng thái;Màu sắc đúng quy ước | I11: Đạt
A12: TC-07 | B12: Là nhân viên bồi thường, tôi muốn tạo báo cáo | C12: Dashboard | D12: Mở popup tạo báo cáo | E12: Người dùng đang ở Dashboard | F12: Mở popup “Chọn P&L để xuất báo cáo” | G12: 1. Nhấn “+ Tạo báo cáo” | H12: Popup hiển thị;Có các trường P&L, Tháng/năm, Hủy, Xuất báo cáo | I12: Đạt
A13: TC-08 | B13: Là nhân viên bồi thường, tôi muốn xuất báo cáo hợp lệ | C13: Xuất báo cáo | D13: Xuất file Excel | E13: Popup tạo báo cáo đang mở | F13: Xuất báo cáo khi nhập đủ thông tin | G13: 1. Chọn P&L2. Chọn Tháng/năm3. Nhấn “Xuất báo cáo” | H13: File Excel được tải về;Dữ liệu đúng theo P&L và thời gian | I13: Đạt
A14: TC-09 | B14: Là nhân viên bồi thường, tôi không muốn xuất báo cáo khi thiếu dữ liệu | C14: Xuất báo cáo | D14: Validate bắt buộc | E14: Popup tạo báo cáo đang mở | F14: Kiểm tra validate khi thiếu P&L | G14: 1. Không chọn P&L2. Nhấn “Xuất báo cáo” | H14: Hiển thị cảnh báo bắt buộc chọn P&L;Không tải file | I14: Đạt
A15: TC-10 | B15: Là nhân viên bồi thường, tôi không muốn xuất báo cáo khi thiếu tháng/năm | C15: Xuất báo cáo | D15: Validate bắt buộc | E15: Popup tạo báo cáo đang mở | F15: Kiểm tra validate khi thiếu Tháng/năm | G15: 1. Chọn P&L2. Không chọn Tháng/năm3. Nhấn “Xuất báo cáo” | H15: Hiển thị cảnh báo bắt buộc chọn Tháng/năm | I15: Đạt
A16: TC-11 | B16: Là nhân viên bồi thường, tôi muốn hủy thao tác xuất báo cáo | C16: Xuất báo cáo | D16: Hủy popup | E16: Popup tạo báo cáo đang mở | F16: Đóng popup không xuất file | G16: 1. Nhấn nút “Hủy” | H16: Popup đóng;Không có file được tạo | I16: Đạt
... A18: TC-13 | B18: Là nhân viên bồi thường, tôi muốn đảm bảo dữ liệu Dashboard cập nhật | C18: Dashboard | D18: Case ẩn – realtime | E18: Có hồ sơ thay đổi trạng thái | F18: Kiểm tra cập nhật số liệu Dashboard | G18: 1. Cập nhật trạng thái hồ sơ ở màn hình khác2. Quay lại Dashboard | H18: Các thẻ và biểu đồ cập nhật đúng số liệu mới | I18: Đạt

Sheet BeeOS - Danh sách Bồi Thường
B1: Tên chức năng | C1: Danh Sách Bồi Thường | F1: Tổng TCs | G1: Đạt | H1: Không đạt | I1: Chưa xong
B2: Người tạo | C2: Levi | F2: =COUNTIF(A1:A182,"TC-??") -> 17 | G2: =COUNTIF(I4:I844,"Đạt") -> 17 | H2: =COUNTIF(F4:F844,"Không Đạt") -> 0 | I2: =COUNTIF(F4:F844,"Chưa Xong") -> 0
B3: Ngày Tạo | C3: 46016 | F3: =SUM(G3+H3+I3) -> 1 | G3: =G2/F2 -> 1 | H3: =H2/F2 -> 0 | I3: =I2/F2 -> 0
A5: ID | B5: User Story | C5: Chức năng chính | D5: Chức năng con | E5: Điều kiện tiên quyết | F5: Mô tả | G5: Các bước thực hiện | H5: Kết quả mong đợi | I5: Kết quả thực tế
A6: TC-01 | B6: Claim user xem danh sách bồi thường | C6: Bồi thường | D6: Truy cập danh sách bồi thường | E6: Người dùng đăng nhập với quyền Claim | F6: Truy cập màn hình danh sách | G6: 1. Mở menu bên trái; 2. Chọn Bồi thường; 3. Chọn Danh sách bồi thường | H6: Màn hình danh sách bồi thường hiển thị | I6: Đạt
A7: TC-02 | B7: Claim user xem danh sách bồi thường | C7: Bồi thường | D7: Hiển thị dữ liệu mặc định | E7: Có dữ liệu bồi thường tồn tại | F7: Kiểm tra hiển thị bảng | G7: 1. Truy cập danh sách | H7: Bảng hiển thị các cột: Mã tham chiếu, Status, Địa điểm, Nhóm tổn thất, Ngày phát sinh, Dự tính BT, Số tiền tạm ứng | I7: Đạt
A8: TC-03 | B8: Claim user lọc hồ sơ | C8: Bồi thường | D8: Lọc theo trạng thái | E8: Có nhiều trạng thái khác nhau | F8: Lọc danh sách theo trạng thái | G8: 1. Click dropdown Tất cả trạng thái; 2. Chọn 1 trạng thái (VD: Đang cung cấp hồ sơ) | H8: Danh sách chỉ hiển thị hồ sơ đúng trạng thái đã chọn | I8: Đạt
A9: TC-04 | B9: Claim user lọc hồ sơ | C9: Bồi thường | D9: Reset bộ lọc | E9: Đã lọc theo trạng thái | F9: Quay lại xem tất cả | G9: 1. Chọn lại Tất cả trạng thái | H9: Danh sách hiển thị toàn bộ hồ sơ | I9: Đạt
A10: TC-05 | B10: Claim user tìm kiếm hồ sơ | C10: Bồi thường | D10: Tìm theo mã tham chiếu | E10: Có hồ sơ tồn tại | F10: Tìm kiếm bằng mã | G10: 1. Nhập mã tham chiếu vào ô Tìm kiếm | H10: Danh sách hiển thị đúng hồ sơ tương ứng | I10: Đạt
A11: TC-06 | B11: Claim user tìm kiếm hồ sơ | C11: Bồi thường | D11: Tìm theo địa điểm | E11: Có nhiều địa điểm khác nhau | F11: Tìm kiếm theo địa điểm | G11: 1. Nhập tên địa điểm (VD: Vinpearl Golf Hải Phòng) | H11: Danh sách lọc đúng theo địa điểm | I11: Đạt
A12: TC-07 | B12: Claim user tìm kiếm hồ sơ | C12: Bồi thường | D12: Tìm theo nhóm tổn thất | E12: Có nhiều nhóm tổn thất | F12: Tìm kiếm theo nhóm tổn thất | G12: 1. Nhập tên nhóm tổn thất (VD: Kính) | H12: Danh sách hiển thị đúng hồ sơ | I12: Đạt
A13: TC-08 | B13: Claim user tìm kiếm hồ sơ | C13: Bồi thường | D13: Không có kết quả | E13: Không tồn tại dữ liệu phù hợp | F13: Tìm kiếm không khớp | G13: 1. Nhập từ khóa không tồn tại | H13: Hiển thị danh sách trống hoặc thông báo không có dữ liệu | I13: Đạt
A14: TC-09 | B14: Claim user tạo bồi thường mới | C14: Bồi thường | D14: Tạo bồi thường | E14: Đang ở màn hình danh sách | F14: Mở form tạo mới | G14: 1. Nhấn nút + Tạo bồi thường | H14: Chuyển sang màn hình Tạo bồi thường | I14: Đạt
A15: TC-10 | B15: Claim user theo dõi trạng thái | C15: Bồi thường | D15: Hiển thị trạng thái | E15: Có hồ sơ ở nhiều trạng thái | F15: Kiểm tra màu status | G15: 1. Quan sát cột Status | H15: Màu hiển thị đúng: Đỏ (thiếu hồ sơ), Xanh dương (đã đủ), Xanh lá (đã nhận tiền), Xám (đóng) | I15: Đạt
A16: TC-11 | B16: Claim user xem dự tính bồi thường | C16: Bồi thường | D16: Hiển thị dự tính BT | E16: Hồ sơ có giá trị dự tính | F16: Kiểm tra cột dự tính | G16: 1. Quan sát cột Dự tính bồi thường (VND) | H16: Số tiền hiển thị đúng định dạng và giá trị | I16: Đạt
... A22: TC-17 | B22: Claim user kiểm tra quyền | C22: Bồi thường | D22: Phân quyền | E22: User không có quyền Claim | F22: Truy cập danh sách | G22: 1. Đăng nhập user không có quyền; 2. Truy cập danh sách | H22: Không cho truy cập hoặc hiển thị thông báo phân quyền | I22: Đạt

Sheet BeeOS - Chi Tiết Bồi Thường
B1: Tên chức năng | C1: Trang Chi Tiết Bồi Thường | F1: Tổng TCs | G1: Đạt | H1: Không đạt | I1: Chưa xong
B2: Người tạo | C2: Levi | F2: =COUNTIF(A1:A182,"TC-??") -> 20 | G2: =COUNTIF(I4:I844,"Đạt") -> 20 | H2: =COUNTIF(F4:F844,"Không Đạt") -> 0 | I2: =COUNTIF(F4:F844,"Chưa Xong") -> 0
B3: Ngày Tạo | C3: 46016 | F3: =SUM(G3+H3+I3) -> 1 | G3: =G2/F2 -> 1 | H3: =H2/F2 -> 0 | I3: =I2/F2 -> 0
A5: ID | B5: User Story | C5: Chức năng chính | D5: Chức năng con | E5: Điều kiện tiên quyết | F5: Mô tả | G5: Các bước thực hiện | H5: Kết quả mong đợi | I5: Kết quả thực tế
A6: TC-01 | B6: Với vai trò Claim, tôi muốn xem tổng quan hồ sơ bồi thường | C6: Chi tiết bồi thường | D6: Hiển thị chỉ số tổng quan | E6: Hồ sơ bồi thường đã được tạo | F6: Kiểm tra hiển thị 4 chỉ số tổng quan | G6: 1. Truy cập chi tiết hồ sơ bồi thường; 2. Quan sát khu vực đầu trang | H6: Hiển thị đúng Nhóm tổn thất;Hiển thị đúng Dự tính bồi thường;Hiển thị đúng Số tiền tạm ứng;Hiển thị đúng Số ngày xử lý | I6: Đạt
A7: TC-02 | B7: Với vai trò Claim, tôi muốn cập nhật trạng thái hồ sơ | C7: Chi tiết bồi thường | D7: Cập nhật trạng thái | E7: Hồ sơ ở trạng thái “Đang cung cấp hồ sơ” | F7: Thay đổi trạng thái xử lý | G7: 1. Mở dropdown Trạng thái; 2. Chọn “Đã đủ hồ sơ”; 3. Nhấn “Lưu chỉnh sửa” | H7: Trạng thái được cập nhật thành “Đã đủ hồ sơ”;Dữ liệu được lưu thành công | I7: Đạt
A8: TC-03 | B8: Với vai trò Claim, tôi muốn kiểm tra thông tin sự cố | C8: Chi tiết bồi thường | D8: Xem thông tin sự cố | E8: Hồ sơ đã có dữ liệu | F8: Kiểm tra thông tin hiển thị | G8: 1. Quan sát các trường thông tin | H8: Hiển thị đúng Mã tham chiếu;Hiển thị đúng Địa điểm;Hiển thị đúng Ngày phát sinh;Hiển thị đúng Tóm tắt sự cố | I8: Đạt
A9: TC-04 | B9: Với vai trò Claim, tôi muốn chỉnh sửa tóm tắt sự cố | C9: Chi tiết bồi thường | D9: Chỉnh sửa tóm tắt sự cố | E9: Hồ sơ cho phép chỉnh sửa | F9: Cập nhật nội dung sự cố | G9: 1. Nhập nội dung mới vào ô Tóm tắt sự cố; 2. Nhấn “Lưu chỉnh sửa” | H9: Nội dung mới được lưu;Hiển thị lại đúng nội dung đã chỉnh sửa | I9: Đạt
A10: TC-05 | B10: Với vai trò Claim, tôi muốn nhập số tiền yêu cầu bồi thường | C10: Chi tiết bồi thường | D10: Nhập số tiền yêu cầu | E10: Hồ sơ đang ở trạng thái chỉnh sửa | F10: Nhập số tiền khách yêu cầu | G10: 1. Nhập giá trị vào ô “Số tiền yêu cầu”; 2. Nhấn “Lưu chỉnh sửa” | H10: Số tiền yêu cầu được lưu;Giá trị hiển thị đúng định dạng tiền tệ | I10: Đạt
A11: TC-06 | B11: Với vai trò Claim, tôi muốn nhập mức khấu trừ áp dụng | C11: Chi tiết bồi thường | D11: Áp dụng mức khấu trừ | E11: Hợp đồng có mức khấu trừ | F11: Nhập mức khấu trừ theo hợp đồng | G11: 1. Quan sát mức khấu trừ ở cột phải; 2. Nhập giá trị tương ứng vào ô Mức khấu trừ áp dụng | H11: Mức khấu trừ nhập đúng theo hợp đồng;Không cho nhập vượt mức quy định | I11: Đạt
A12: TC-07 | B12: Với vai trò Claim, tôi muốn nhập dự tính bồi thường | C12: Chi tiết bồi thường | D12: Nhập dự tính bồi thường | E12: Đã có số tiền yêu cầu | F12: Nhập số tiền dự tính chi trả | G12: 1. Nhập số tiền vào ô “Dự tính bồi thường”; 2. Nhấn “Lưu chỉnh sửa” | H12: Dự tính bồi thường được lưu;Không âm;Không vượt số tiền yêu cầu | I12: Đạt
A13: TC-08 | B13: Với vai trò Claim, tôi muốn nhập số tiền tạm ứng | C13: Chi tiết bồi thường | D13: Nhập tiền tạm ứng | E13: Hồ sơ có phát sinh tạm ứng | F13: Ghi nhận tiền đã tạm ứng | G13: 1. Nhập số tiền vào ô “Số tiền đã tạm ứng”; 2. Nhấn “Lưu chỉnh sửa” | H13: Số tiền tạm ứng được lưu;Không vượt dự tính bồi thường | I13: Đạt
A14: TC-09 | B14: Với vai trò Claim, tôi muốn thêm ghi chú xử lý | C14: Chi tiết bồi thường | D14: Ghi chú nội bộ | E14: Hồ sơ cho phép chỉnh sửa | F14: Ghi nhận diễn biến xử lý | G14: 1. Nhập nội dung vào ô Ghi chú; 2. Nhấn “Lưu chỉnh sửa” | H14: Ghi chú được lưu;Hiển thị đúng nội dung đã nhập | I14: Đạt
A15: TC-10 | B15: Với vai trò Claim, tôi muốn kiểm tra hiệu lực hợp đồng | C15: Chi tiết bồi thường | D15: Tham chiếu hợp đồng gốc | E15: Hợp đồng gốc tồn tại | F15: Kiểm tra thời hạn bảo hiểm | G15: 1. Quan sát thông tin hợp đồng ở cột phải | H15: Hiển thị đúng thời hạn bảo hiểm;Cho phép xác định sự cố nằm trong/ngoài hiệu lực | I15: Đạt
A16: TC-11 | B16: Với vai trò Claim, tôi muốn chuyển sang tab Danh sách hồ sơ | C16: Quản lý hồ sơ | D16: Chuyển tab | E16: Đang ở tab Thông tin chi tiết | F16: Chuyển sang quản lý chứng từ | G16: 1. Nhấn tab “Danh sách hồ sơ” | H16: Màn hình chuyển sang danh sách hồ sơ | I16: Đạt
... A25: TC-20 | B25: Với vai trò Claim, tôi muốn xóa file đã upload | C25: Quản lý hồ sơ | D25: Xóa file | E25: Có quyền xóa | F25: Xóa tài liệu không cần thiết | G25: 1. Nhấn biểu tượng thùng rác | H25: File bị xóa;Không còn hiển thị trong danh sách | I25: Đạt
